,Brand,Varieties,Type,Centi_liter,Year,ABV_Percent,Price
0,Angel's Envy,Straight Port Cask Finish Bourbon,Bourbon,70cl,,3% ABV,£59.95
1,Angel's Envy,Manhattan Bundle - Martini Rubino Vermouth & Straight Port Cask Finish Bourbon,Bourbon,70cl,,3% ABV,£79.95
2,Buffalo Trace,Traveller Bourbon Whiskey (Chris,Bourbon,70cl,,45% ABV,£31.95
3,Buffalo Trace,Kosher Wheat Recipe Bourbon,Bourbon,75cl,,47% ABV,£43.95
4,Elijah Craig,Barrel Proof Kentucky Straight Bourbon,Barrel,70cl,,8% ABV,£124.95
5,Maker's Mark,Kentucky Straight Bourbon,Kentucky,70cl,,45% ABV,£35.95
6,Ben Holladay,Soft Red Wheat Bottled In Bond Straight Bourbon,Bourbon,70cl,,50% ABV,£79.95
7,Booker's,2024-01 Batch Bourbon,Bourbon,70cl,7 Year Old,2% ABV,£89.95
8,Wild Turkey,Rare Breed Kentucky Straight Bourbon,Kentucky,70cl,,4% ABV,£59.95
9,Wild Turkey,81 Kentucky Straight Bourbon,Kentucky,70cl,,5% ABV,£29.95
10,Maker's Mark,46 Kentucky Straight Bourbon,Kentucky,70cl,,47% ABV,£39.95
11,Wild Turkey,101 Kentucky Straight Bourbon,Kentucky,70cl,,5% ABV,£39.95
12,Old Bardstown,Kentucky Straight Bourbon,Kentucky,70cl,,45% ABV,£39.95
13,Leiper’s Fork,Bottled In Bond Bourbon,Bourbon,70cl,4 Year Old,50% ABV,£79.95
14,Leiper’s Fork,Bottled In Bond Tennessee Bourbon,Tennessee,70cl,4 Year Old,50% ABV,£79.95
15,Old Forester,1870 Original Batch Kentucky Straight Bourbon,Kentucky,70cl,,45% ABV,£47.95
16,Jim Beam,Black Extra-Aged Bourbon,Bourbon,70cl,,43% ABV,£27.65
17,Elijah Craig,Single Barrel Bourbon,Barrel,70cl,18 Year Old,45% ABV,£219.95
18,Buffalo Trace,Kosher Rye Recipe Bourbon,Rye,75cl,,47% ABV,£39.95
19,Basil Hayden's,Kentucky Straight Bourbon,Kentucky,70cl,,40% ABV,£49.95
20,SirDavis,Sherry Cask Rye,Rye,70cl,,44% ABV,£78.95
21,Wild Turkey,Kentucky Straight Rye,Kentucky,70cl,,5% ABV,£36.95
22,Elijah Craig,Kentucky Straight Rye,Kentucky,70cl,,47% ABV,£48.95
23,Jack Daniel's,Bonded Rye Tennessee,Rye,70cl,,50% ABV,£42.95
24,Rebel,Straight Rye,Rye,70cl,,45% ABV,£39.95
25,Buffalo Trace,Kosher Straight Rye,Rye,75cl,,47% ABV,£39.95
26,Knob Creek,Small Batch Kentucky Straight Rye,Kentucky,70cl,,50% ABV,£46.95
27,Sagamore,Double Oak Rye,Rye,70cl,,3% ABV,£76.95
28,New York Distilling,Ragtime Rye Bottled In Bond,Rye,70cl,4 Year Old,50% ABV,£49.95
29,Rabbit Hole,Boxergrail Kentucky Straight Rye,Kentucky,70cl,,5% ABV,£46.95
30,WhistlePig,Vermont Oak Finish Rye,Rye,70cl,15 Year Old,46% ABV,£249.95
31,Balcones,Texas Rye 100 Proof,Rye,70cl,,50% ABV,£49.95
32,WhistlePig,Piggyback 100% Rye,Rye,70cl,6 Year Old,3% ABV,£48.95
33,Few,Immortal Rye,Rye,70cl,,5% ABV,£66.95
34,Willett's,Family Reserve Rye,Rye,70cl,4 Year Old,4% ABV,£79.95
35,James E Pepper,1776 Straight Rye,Rye,70cl,,46% ABV,£44.95
36,New York Distilling,Ragtime Rye,Rye,70cl,,2% ABV,£39.85
37,Heaven's Door,Straight Rye Whiskey (Bob,Rye,70cl,,43% ABV,£69.95
38,Few,Rye,Rye,70cl,,5% ABV,£69.95
39,Jack Daniel's,Tennessee Rye,Tennessee,70cl,,45% ABV,£32.95
40,Jack Daniel's,Bonded Rye Tennessee,Rye,70cl,,50% ABV,£42.95
41,Jack Daniel's,American Single Malt Sherry Cask Whiskey (1,American,100cl,,45% ABV,£119.95
42,Leiper’s Fork,Bottled In Bond Bourbon,Bourbon,70cl,4 Year Old,50% ABV,£79.95
43,Leiper’s Fork,Bottled In Bond Tennessee Bourbon,Tennessee,70cl,4 Year Old,50% ABV,£79.95
44,Davidson Reserve,Four Grain Tennessee,Tennessee,70cl,,50% ABV,£54.95
45,Davidson Reserve,Sour Mash Tennessee,Tennessee,70cl,,48% ABV,£47.95
46,Uncle Nearest,1856 Premium,,70cl,,50% ABV,£74.95
47,Jack Daniel's,Bonded Tennessee,Tennessee,70cl,,50% ABV,£39.95
48,Jack Daniel's,Triple Mash Tennessee,Tennessee,70cl,,50% ABV,£39.95
49,Uncle Nearest,1884 Small Batch,,70cl,,5% ABV,£59.95
50,Heaven's Door,Double Barrel Whiskey (Bob,Barrel,70cl,,50% ABV,£74.95
51,Heaven's Door,Tennessee Bourbon Whiskey (Bob,Tennessee,70cl,,42% ABV,£59.95
52,Heaven's Door,Straight Rye Whiskey (Bob,Rye,70cl,,43% ABV,£69.95
53,Jack Daniel's,Single Barrel Select,Barrel,70cl,,45% ABV,£44.95
54,Jack Daniel's,Single Barrel Cask Strength,Barrel,70cl,,5% ABV,£79.95
55,Jack Daniel's,Tennessee Rye,Tennessee,70cl,,45% ABV,£32.95
56,Jack Daniel's,Single Barrel Rye,Barrel,70cl,,45% ABV,£62.95
57,Jack Daniel's,Old No. 7 Guitar Case,,70cl,,40% ABV,£49.95
58,Jack Daniel's,No. 27 Gold Maple Wood Finish,,70cl,,40% ABV,£91.95
59,Jack Daniel's,Frank Sinatra Select Whiskey (1,,100cl,,45% ABV,£154.95
60,Blanton's,Straight From The Barrel - Single Cask #428,Barrel,70cl,,35% ABV,£149.95
61,Eagle Rare,Double Eagle Very Rare,Eagle,70cl,20 Year Old,5% ABV,"£4,199.95"
62,Yellowstone,Select Rum Finish,Rum Finish,70cl,,50% ABV,£59.95
63,Buffalo Trace,Traveller Bourbon Whiskey (Chris,Bourbon,70cl,,45% ABV,£31.95
64,Buffalo Trace,Kosher Wheat Recipe Bourbon,Bourbon,75cl,,47% ABV,£43.95
65,Elijah Craig,Barrel Proof Kentucky Straight Bourbon,Barrel,70cl,,8% ABV,£124.95
66,Maker's Mark,Kentucky Straight Bourbon,Kentucky,70cl,,45% ABV,£35.95
67,Woodford Reserve,Kentucky Derby 145 Whiskey (1,Kentucky,100cl,,2% ABV,£59.95
68,Yellowstone,108 Proof American Single Malt,American,70cl,,54% ABV,£67.95
69,Booker's,2024-01 Batch Bourbon,Bourbon,70cl,7 Year Old,2% ABV,£89.95
70,Wild Turkey,Kentucky Straight Rye,Kentucky,70cl,,5% ABV,£36.95
71,Wild Turkey,Rare Breed Kentucky Straight Bourbon,Kentucky,70cl,,4% ABV,£59.95
72,Wild Turkey,81 Kentucky Straight Bourbon,Kentucky,70cl,,5% ABV,£29.95
73,Elijah Craig,Kentucky Straight Rye,Kentucky,70cl,,47% ABV,£48.95
74,Maker's Mark,46 Kentucky Straight Bourbon,Kentucky,70cl,,47% ABV,£39.95
75,Wild Turkey,101 Kentucky Straight Bourbon,Kentucky,70cl,,5% ABV,£39.95
76,Rebel,Straight Rye,Rye,70cl,,45% ABV,£39.95
77,Buffalo Trace,Kosher Straight Rye,Rye,75cl,,47% ABV,£39.95
78,Angel's Envy,Straight Port Cask Finish Bourbon,Bourbon,70cl,,3% ABV,£59.95
79,Old Bardstown,Kentucky Straight Bourbon,Kentucky,70cl,,45% ABV,£39.95
80,Blanton's,Straight From The Barrel - Single Cask #428,Barrel,70cl,,35% ABV,£149.95
81,Eagle Rare,Double Eagle Very Rare,Eagle,70cl,20 Year Old,5% ABV,"£4,199.95"
82,Buffalo Trace,Traveller Bourbon Whiskey (Chris,Bourbon,70cl,,45% ABV,£31.95
83,Buffalo Trace,Kosher Wheat Recipe Bourbon,Bourbon,75cl,,47% ABV,£43.95
84,Buffalo Trace,Kosher Straight Rye,Rye,75cl,,47% ABV,£39.95
85,Buffalo Trace,Bourbon Cream,Bourbon,70cl,,15% ABV,£19.95
86,Buffalo Trace,Kosher Rye Recipe Bourbon,Rye,75cl,,47% ABV,£39.95
87,Blanton's,Original Single Barrel Bourbon,Barrel,70cl,,5% ABV,£69.95
88,Blanton's,Gold Edition Single Barrel Bourbon,Barrel,70cl,,5% ABV,£113.95
89,Eagle Rare,Kentucky Straight Bourbon,Kentucky,70cl,10 Year Old,45% ABV,£41.95
90,Buffalo Trace,Kentucky Straight Bourbon,Kentucky,70cl,,40% ABV,£27.95
91,Sazerac,Straight Rye,Rye,70cl,6 Year Old,45% ABV,£43.95
92,Blanton's,Straight From The Barrel - Single Cask #418,Barrel,70cl,,8% ABV,£169.95
93,Blanton's,Straight From The Barrel - Single Cask #427,Barrel,70cl,,8% ABV,£199.95
94,William Larue Weller,Full Proof Bourbon,Bourbon,75cl,,57% ABV,£249.95
95,Stagg Jr,Batch 23C Barrel Proof Kentucky Straight Bourbon,Barrel,75cl,,95% ABV,£279.95
96,Buffalo Trace,Ice Mould & Kentucky Straight Bourbon,Kentucky,70cl,,40% ABV,£29.95
97,Buffalo Trace,Rock Hill Farms Single Barrel Bourbon,Barrel,70cl,,50% ABV,£459.95
98,Blanton's,Straight From The Barrel - Single Cask #1461,Barrel,70cl,,7% ABV,£199.95
99,Blanton's,Straight From The Barrel - Single Cask #2174,Barrel,70cl,,7% ABV,£299.95
100,Bushmills,Single Malt Rare Irish,Irish,70cl,30 Year Old,46% ABV,"£1,899.95"
101,Bushmills,Single Malt Rare Irish,Irish,70cl,25 Year Old,46% ABV,£789.95
102,Bushmills,Irish Single Malt,Irish,70cl,10 Year Old,40% ABV,£47.95
103,Bushmills,Irish Single Malt,Irish,70cl,21 Year Old,40% ABV,£215.95
104,Bushmills,American Oak Cask Finish Irish,American,70cl,,40% ABV,£29.95
105,Bushmills,Caribbean Rum Cask Finish,,70cl,,40% ABV,£30.95
106,Bushmills,Original & Black Bush 35cl Gift Pack,,35cl,,40% ABV,£31.95
107,Bushmills,Original Irish,Irish,70cl,,40% ABV,£27.95
108,Bushmills,Black Bush Irish,Irish,70cl,,40% ABV,£34.95
109,Bushmills,Highball Glass & American Oak Cask Finish Irish,American,70cl,,40% ABV,£31.95
110,Bushmills,Highball Glass & Irish Single Malt,Irish,70cl,10 Year Old,40% ABV,£48.95
111,Bushmills,Highball Glass & Caribbean Rum Cask Finish,,70cl,,40% ABV,£31.95
112,Bushmills,Highball Glass & Original Irish,Irish,70cl,,40% ABV,£28.95
113,Bushmills,Highball Glass & Black Bush Irish,Irish,70cl,,40% ABV,£38.95
114,Bushmills,Coaster & Irish Single Malt,Irish,70cl,10 Year Old,40% ABV,£42.95
115,Bushmills,Irish Single Malt,Irish,70cl,10 Year Old,40% ABV,£42.95
116,Bushmills,Branded Glass & Caribbean Rum Cask Finish,,70cl,,40% ABV,£28.95
117,Bushmills,Branded Glass & Original Irish,Irish,70cl,,40% ABV,£28.95
118,Bushmills,Branded Glass & Black Bush Irish,Irish,70cl,,40% ABV,£38.95
119,Bushmills,The Causeway Collection - Rum Cask Whiskey (UK,,70cl,"25 Year Old
·
1997
Vintage",2% ABV,£348.95
120,Midleton,Very Rare Barry Crockett Legacy,Very Rare,70cl,,46% ABV,£289.95
121,Midleton,Very Rare 2025 Edition,Very Rare,70cl,,40% ABV,£219.95
122,Midleton,Forêt De Troncais Edition 2,,70cl,,48% ABV,"£4,399.95"
123,Midleton,Very Rare Silent Distillery Chapter 5,Very Rare,70cl,"49 Year Old
·
1973
Vintage",4% ABV,"£47,999.95"
124,Midleton,Very Rare 40th Anniversary Ruby,Very Rare,70cl,,40% ABV,"£17,699.95"
125,Midleton,Very Rare 2024 Edition,Very Rare,70cl,,40% ABV,£199.95
126,Midleton,Very Rare Foret De Troncais,Very Rare,70cl,,48% ABV,"£4,274.95"
127,Midleton,Very Rare 2023 Edition,Very Rare,70cl,,40% ABV,£249.95
128,Midleton,Very Rare Silent Distillery Chapter 3,Very Rare,70cl,47 Year Old,7% ABV,"£41,999.95"
129,Midleton,Very Rare 2022 Edition,Very Rare,70cl,,40% ABV,£599.95
130,Midleton,Dair Ghaelach Knockrath Forest - Tree 2,,70cl,,3% ABV,£799.95
131,Midleton,Dair Ghaelach Knockrath Forest - Tree 5,,70cl,,5% ABV,£999.95
132,Midleton,Very Rare 2021 Edition,Very Rare,70cl,,40% ABV,£599.95
133,Midleton,Very Rare 2020 Edition,Very Rare,70cl,,40% ABV,"£1,499.95"
134,Midleton,Very Rare 2019 Edition,Very Rare,70cl,,40% ABV,£999.95
135,Midleton,Very Rare 2013 Edition,Very Rare,70cl,,40% ABV,"£1,499.95"
136,Midleton,Very Rare 2017 Edition,Very Rare,70cl,,40% ABV,"£1,099.95"
137,Midleton,Very Rare 2001 Edition,Very Rare,70cl,,40% ABV,"£1,599.95"
138,Midleton,Very Rare 2018 Edition,Very Rare,70cl,,40% ABV,£999.95
139,Midleton,Very Rare 2017 Edition,Very Rare,70cl,,40% ABV,"£1,499.95"
140,Redbreast,Single Pot Still Irish,Irish,70cl,18 Year Old,46% ABV,£182.95
141,Redbreast,Single Pot Still Irish,Irish,70cl,12 Year Old,40% ABV,£54.95
142,Redbreast,Single Pot Still Irish,Irish,70cl,21 Year Old,46% ABV,£294.95
143,Redbreast,Single Pot Still Irish - Batch 6,Irish,70cl,27 Year Old,9% ABV,£544.95
144,Redbreast,Iberian Series #1 Single Pot Still PX,,70cl,,46% ABV,£76.95
145,Redbreast,Glass & Single Pot Still,,70cl,21 Year Old,46% ABV,£294.95
146,Redbreast,Glass & Single Pot Still Irish,Irish,70cl,12 Year Old,40% ABV,£59.95
147,Redbreast,Tasting Glass & Single Pot Still Irish,Irish,70cl,12 Year Old,40% ABV,£57.95
148,Redbreast,Cask Strength Batch B1/23,,70cl,12 Year Old,2% ABV,£89.95
149,Redbreast,Birdfeeder & Single Malt,,70cl,12 Year Old,40% ABV,£69.95
150,Redbreast,Iberian Series #2 Single Pot Still Tawny Port,,70cl,,46% ABV,£149.95
151,Redbreast,Cask Strength Batch B1-22,,70cl,12 Year Old,1% ABV,£89.95
152,Redbreast,Birdfeeder & Miniature Gift Pack,,70cl,12 Year Old,40% ABV,£94.95
153,Redbreast,Birdfeeder & 12 Year Old,,70cl,,40% ABV,£76.95
154,Redbreast,Cask Strength Batch B1-20,,70cl,12 Year Old,6% ABV,£219.95
155,Redbreast,Family Collection Miniature Gift Pack Whiskey (3 x,,5cl,,46% ABV,£33.95
156,Redbreast,Cask Strength Batch B2-19,,70cl,12 Year Old,8% ABV,£149.95
157,Redbreast,Lustau Edition Irish,Irish,70cl,,46% ABV,
158,Redbreast,Single Pot Still Irish,Irish,70cl,15 Year Old,46% ABV,
159,Redbreast,Single Pot Still Irish - Batch 5,Irish,70cl,27 Year Old,6% ABV,
160,Blue Spot,Cask Strength Single Irish Pot Still Batch #3,Irish,70cl,7 Year Old,1% ABV,£93.95
161,Gold Spot,Generations Edition,,70cl,13 Year Old,46% ABV,£123.95
162,Red Spot,Single Pot Still Irish,Irish,70cl,15 Year Old,46% ABV,£120.95
163,Green Spot,Leoville Barton Bordeaux Wine Cask Finish Irish,Irish,70cl,,46% ABV,£64.95
164,Yellow Spot,Single Pot Still Irish,Irish,70cl,12 Year Old,46% ABV,£79.95
165,Green Spot,Single Pot Still Irish,Irish,70cl,,40% ABV,£49.95
166,Irish Spot,"Gold, Green & Yellow Spot Whiskey Bundle Irish Whiskey (3 x",Irish,70cl,,4% ABV,£259.95
167,Green Spot,Quails' Gate Pinot Noir Wine Cask Finish Irish,Irish,70cl,,46% ABV,£149.95
168,Gold Spot,135th Anniversary Limited Edition Irish,Irish,70cl,9 Year Old,4% ABV,£249.85
169,Irish Spot,"Blue, Red, Green & Yellow Bundle Irish Whiskey (4 x",Irish,70cl,,40% ABV,£344.95
170,Green Spot,Chateau Montelena Zinfandel Wine Cask Finish Irish,Irish,70cl,,46% ABV,£69.95
171,Irish Spot,"Gold, Green, Yellow & Red Bundle Irish Whiskey (4 x",Irish,70cl,,4% ABV,
172,Blue Spot,Cask Strength Single Irish Pot Still Batch #2,Irish,70cl,7 Year Old,9% ABV,
173,Irish Spot,Blue & Red Spot Bundle Irish Whiskey (2 x,Irish,70cl,,8% ABV,
174,Blue Spot,Cask Strength Single Irish Pot Still Batch #1,Irish,70cl,7 Year Old,7% ABV,
175,Green Spot,Mitchell & Son Irish Whiskey (Old,Irish,70cl,,40% ABV,
176,Jameson,Triple Triple Irish,Irish,70cl,,40% ABV,£31.95
177,Jameson,Single Pot Still Batch #1 Irish,Irish,70cl,,46% ABV,£49.95
178,Jameson,Triple Distilled Irish,Irish,70cl,18 Year Old,46% ABV,£189.95
179,Jameson,Crested - Triple Distilled Irish,Irish,70cl,,40% ABV,£34.95
180,Jameson,Triple Distilled Irish,Irish,70cl,,40% ABV,£27.95
181,Jameson,Black Barrel Irish,Barrel,70cl,,40% ABV,£37.95
182,Jameson,Caskmates - IPA Edition,,70cl,,40% ABV,£28.95
183,Jameson,Caskmates - Stout Edition,,70cl,,40% ABV,£28.95
184,Jameson,Black Barrel Glass Pack Irish,Barrel,70cl,,40% ABV,£44.95
185,Jameson,Glass & Black Barrel Irish,Barrel,70cl,,40% ABV,£37.95
186,Jameson,Classic Football Shirts - Portsmouth FC ‘98 Irish,Irish,70cl,,40% ABV,£39.95
187,Jameson,Classic Football Shirts - Charlton Athletic ‘98 Irish,Irish,70cl,,40% ABV,£39.95
188,Jameson,Classic Football Shirts - Tranmere Rovers ‘91 Irish,Irish,70cl,,40% ABV,£39.95
189,Jameson,Classic Football Shirts - Leicester City ’84 Irish,Irish,70cl,,40% ABV,£49.95
190,Jameson,Orange Irish Miniature,Irish,5cl,,30% ABV,£3.95
191,Jameson,Orange Irish,Irish,70cl,,30% ABV,
192,Jameson,Triple Distilled Glass Pack,,70cl,,40% ABV,
193,Jameson,Classic Football Shirts - Sunderland AFC ‘92 Irish,Irish,70cl,,40% ABV,
194,Jameson,Dickies Limited Edition Irish,Irish,70cl,,40% ABV,
195,Jameson,Triple Distilled Irish Miniature,Irish,5cl,,40% ABV,
196,Writers Tears,Single Pot Still Irish,Irish,70cl,,46% ABV,£54.95
197,Writers Tears,Double Oak Irish,Irish,70cl,,46% ABV,£53.95
198,Writers Tears,Copper Pot Irish,Irish,70cl,,40% ABV,£44.95
199,Writers Tears,Cask Strength 2023 Limited Edition Irish,Irish,70cl,,8% ABV,£119.95
200,Writers Tears,Cask Strength 2021 Limited Edition Irish,Irish,70cl,,2% ABV,£110.95
201,Writers Tears,Miniature Book Gift Pack Whiskey (3 x,,5cl,,46% ABV,£18.95
202,Writers Tears,Ulysses Limited Edition Irish,Irish,70cl,,40% ABV,
203,Writers Tears,Cask Strength 2020 Edition Irish,Irish,70cl,,5% ABV,
204,Writers Tears,Red Head Irish,Irish,70cl,,46% ABV,
205,Writers Tears,Copper Pot Flask Gift Pack,,70cl,,40% ABV,
206,Hakushu,Japanese Single Malt,Japanese,70cl,25 Year Old,43% ABV,"£4,399.95"
207,Kamiki,Original Japanese Blended Malt,Japanese,50cl,,48% ABV,£58.95
208,Kamiki,Sakura Japanese Blended Malt,Japanese,50cl,,48% ABV,£61.45
209,Kamiki,Intense Japanese Blended Malt,Japanese,50cl,,48% ABV,£59.95
210,Kurayoshi,Single Malt Japanese,Japanese,70cl,,43% ABV,£99.95
211,Kanosuke,Single Malt Japanese,Japanese,70cl,,48% ABV,£89.95
212,Chichibu,Ichiro's Malt & Grain Blended World,,70cl,,5% ABV,£68.95
213,Nikka Yoichi,Single Malt Japanese,Japanese,70cl,10 Year Old,45% ABV,£154.95
214,Fuji,Single Blended Japanese,Japanese,70cl,,43% ABV,£66.95
215,Togouchi,Sake Cask Finish Japanese Blended,Japanese,70cl,,40% ABV,£67.95
216,Togouchi,Beer Cask Finish Japanese Blended,Japanese,70cl,,40% ABV,£57.95
217,Togouchi,Japanese Blended,Japanese,70cl,15 Year Old,8% ABV,£119.45
218,Togouchi,Japanese Blended,Japanese,70cl,9 Year Old,40% ABV,£64.95
219,Togouchi,Premium Japanese Blended,Japanese,70cl,,40% ABV,£51.95
220,Fuji,Single Grain Japanese,Japanese,70cl,,46% ABV,£69.95
221,Fuji,Single Malt Japanese,Japanese,70cl,,46% ABV,£79.95
222,Yamazaki,Suntory 100th Anniversary Edition,Suntory,70cl,12 Year Old,43% ABV,£174.85
223,Shinju,Japanese,Japanese,70cl,8 Year Old,40% ABV,£63.75
224,Hibiki,Harmony Master's Select,Harmony,70cl,,43% ABV,£139.95
225,Kaikyo,Hatozaki Umeshu Cask Finish Japanese,Japanese,70cl,12 Year Old,40% ABV,£79.95
226,Rampur,Sangam Indian,Indian,70cl,,43% ABV,£49.95
227,Indri,Dru - Cask Strength Indian Single Malt,Indian,70cl,,2% ABV,£79.95
228,Indri,Trini - Three Wood Indian Single Malt,Indian,70cl,,46% ABV,£43.95
229,Amrut,Neidhal Peated Indian Single Malt,Indian,70cl,,46% ABV,£96.95
230,Paul John,Oloroso Select Cask Indian,Indian,70cl,,48% ABV,£78.45
231,Paul John,Pedro Ximenez Select Cask Indian,Indian,70cl,,48% ABV,£79.95
232,Paul John,Edited Indian Single Malt,Indian,70cl,,46% ABV,£45.95
233,Paul John,Bold Peated Indian Single Malt,Indian,70cl,,46% ABV,£44.95
234,Paul John,Classic Select Cask,,70cl,,2% ABV,£64.95
235,Paul John,Peated Select Cask Single Malt,,70cl,,5% ABV,£75.95
236,Paul John,Brilliance Indian Single Malt,Indian,70cl,,46% ABV,£41.95
237,Amrut,Peated Cask Strength,,70cl,,8% ABV,£79.95
238,Amrut,Peated Indian Single Malt,Indian,70cl,,46% ABV,£58.95
239,Amrut,Fusion Indian Single Malt,Indian,70cl,,50% ABV,£57.95
240,Amrut,Indian Single Malt,Indian,70cl,,46% ABV,£44.95
241,Amrut,Indian Single Malt Cask Strength,Indian,70cl,,8% ABV,£73.95
242,Rampur,Double Cask Indian Single Malt Miniatures Whisky (15 x,Indian,5cl,,45% ABV,£64.95
243,Rampur,Asava - Indian Single Malt Miniatures Whisky (15 x,Indian,5cl,,45% ABV,£69.95
244,Indri,Trini - Three Wood Indian Single Malt Glass Pack,Indian,70cl,,46% ABV,£47.95
245,Indri,Three Wood Indian Single Malt Miniature,Indian,5cl,,46% ABV,£4.95
246,The Lakes,Signature English Single Malt,English,70cl,,47% ABV,£78.45
247,The Lakes,The One Colheita Cask Finish,,70cl,,6% ABV,£38.95
248,The Lakes,The One Manzanilla Cask,,70cl,,6% ABV,£37.95
249,The Lakes,The One Sherry Cask Finish,,70cl,,6% ABV,£37.95
250,Cotswolds,Signature English Single Malt,English,70cl,,46% ABV,£45.95
251,Fielden,English Rye,English,70cl,,48% ABV,£59.95
252,East London Liquor Co.,Rye Chardonnay Single Cask,Rye,70cl,,6% ABV,£84.95
253,Cotswolds,Founders Choice English Single Malt,English,70cl,,5% ABV,£74.95
254,Cotswolds,Peated Cask,,70cl,,6% ABV,£72.95
255,Bankhall,Distiller's Cut British Single Malt,,70cl,,46% ABV,£39.95
256,Bankhall,British Single Malt,,70cl,,40% ABV,£29.95
257,The English,Sherry Cask Matured,,70cl,,46% ABV,£64.95
258,White Peak,Wire Works - Virgin Oak English Single Malt,English,70cl,,5% ABV,£64.95
259,Bimber,Ex-Bourbon Cask Batch No. 4,Bourbon,70cl,,2% ABV,£99.95
260,East London Liquor Co.,English Single Malt,English,70cl,,47% ABV,£47.95
261,Bankhall,Rye Rebellion,Rye,70cl,,6% ABV,£24.95
262,East London Liquor Co.,London Rye,Rye,70cl,,47% ABV,£56.95
263,The English,Original Single Malt,,70cl,,43% ABV,£47.95
264,The English,Smokey Single Malt,,70cl,,43% ABV,£44.95
265,Spirit of Yorkshire,Filey Bay Flagship,,70cl,,46% ABV,£59.95
266,Red Bank,Premium Blended Canadian Whisky (Kiefer,Canadian,70cl,,40% ABV,£47.85
267,Bearface,Elementally Aged Triple Oak Canadian,Canadian,70cl,,5% ABV,£34.95
268,JP Wiser's,Triple Barrel Canadian,Barrel,70cl,10 Year Old,40% ABV,£27.45
269,Lot No. 40,Canadian Rye,Canadian,70cl,,43% ABV,£39.95
270,JP Wiser's,Blended Canadian,Canadian,70cl,18 Year Old,40% ABV,£52.95
271,Signal Hill,Canadian,Canadian,70cl,,40% ABV,£39.95
272,Canadian Club,Blended Canadian,Canadian,70cl,,40% ABV,£25.95
273,Caribou Crossing,Single Barrel Canadian,Barrel,70cl,,40% ABV,£129.95
274,Macaloney’s,Origins Miniature Gift Pack Whisky (5 x,,5cl,,46% ABV,£29.95
275,Rare Hare,Lucky Bastard Single Barrel,Barrel,70cl,30 Year Old,5% ABV,£689.95
276,Lot No. 40,Dark Oak - Canadian Rye,Canadian,70cl,,48% ABV,£64.95
277,Pike Creek,Canadian,Canadian,70cl,10 Year Old,42% ABV,
278,Macaloney’s,The Peat Project Single Cask Canadian Miniature,Canadian,5cl,,46% ABV,
279,Macaloney’s,Na Braiche Miniature Canadian,Canadian,5cl,,46% ABV,
280,Macaloney’s,The Peat Project Single Cask Canadian,Canadian,70cl,,57% ABV,
281,Macaloney’s,St. Mallie Single Cask Canadian,Canadian,70cl,,46% ABV,
282,Macaloney’s,Siol Dugall Canadian Single Malt,Canadian,70cl,,45% ABV,
283,Macaloney’s,Kildara Canadian Single Malt,Canadian,70cl,,46% ABV,
284,Macaloney’s,Cath-Nah-Aven Canadian Single Malt,Canadian,70cl,,46% ABV,
285,Macaloney’s,An Loy Canadian Single Malt,Canadian,70cl,,46% ABV,
286,Penderyn,Dragon Series - Celt Welsh Single Malt,Welsh,70cl,,40% ABV,£34.95
287,Penderyn,Dragon Series - Myth Welsh Single Malt,Welsh,70cl,,40% ABV,£32.95
288,Da Mhile,Organic Sherry Cask Matured Welsh,Welsh,70cl,,46% ABV,£92.90
289,Aber Falls,Single Malt Welsh,Welsh,70cl,,40% ABV,£24.95
290,Penderyn,Icons Of Wales #10 - Yma O Hyd,,70cl,,43% ABV,£39.45
291,Penderyn,Rich Oak Finish,,70cl,,46% ABV,£44.95
292,Penderyn,Portwood Finish,,70cl,,46% ABV,£54.95
293,Penderyn,Sherrywood Cask Finish,,70cl,,46% ABV,£43.95
294,Penderyn,Madeira Cask Finish,,70cl,,46% ABV,£37.95
295,Aber Falls,Vin Santo Cask Finish Welsh Single Malt,Welsh,70cl,,46% ABV,£69.95
296,Aber Falls,Sauternes Cask Finish Welsh Single Malt,Welsh,70cl,,47% ABV,£58.95
297,Aber Falls,Calvados Cask Finish Welsh Single Malt,Welsh,70cl,,46% ABV,£59.95
298,Penderyn,Ex-Rye Small Batch Single Malt Welsh,Rye,70cl,,50% ABV,£72.95
299,Penderyn,Triple Wine Small Batch Single Malt Welsh,Welsh,70cl,,50% ABV,£72.95
300,Penderyn,Red Wine & Cognac Small Batch Single Malt Welsh,Welsh,70cl,,50% ABV,£72.95
301,Penderyn,Portwood Finish Whisky (Old,,70cl,,46% ABV,£49.95
302,Penderyn,HTFW Exclusive - Brandy Single Cask #B3,,70cl,,9% ABV,£99.95
303,Penderyn,HTFW Exclusive - Ruby Port Single Cask #PT412,,70cl,,0% ABV,£149.95
304,Penderyn,HTFW Exclusive - Madeira Single Cask #116-4,,70cl,,0% ABV,£149.95
305,Da Mhile,Organic Welsh Single Grain,Welsh,70cl,,46% ABV,£79.95
306,Mackmyra,Svensk Ek Swedish Single Malt,Swedish,70cl,,1% ABV,£59.95
307,Mackmyra,Svensk EK Swedish Single Malt Miniature,Swedish,5cl,,1% ABV,£4.95
308,High Coast,Berry Bros & Rudd - Peated Single Cask #4333,,70cl,"2012
Vintage",8% ABV,£119.95
309,Mackmyra,Bjorksav Miniature,,5cl,,1% ABV,£9.95
310,Mackmyra,Stjarnrok Miniature,,5cl,,1% ABV,£12.95
311,Mackmyra,Destination Swedish Single Malt,Swedish,70cl,,7% ABV,£64.95
312,Mackmyra,Moment Series - Virvelvind,,70cl,,8% ABV,£104.95
313,Mackmyra,Limousin Swedish Single Malt,Swedish,70cl,,1% ABV,£59.95
314,Smogen,That Boutique-y Whisky Company - Batch #2 Swedish,Swedish,50cl,"8 Year Old
·
2014
Vintage",3% ABV,£132.95
315,Mackmyra,Moment Series - Brukswhisky DLX II,,70cl,"9 Year Old
·
2012
Vintage",44% ABV,£117.95
316,Mackmyra,Brukswhisky Single Malt,,70cl,"13 Year Old
·
2008
Vintage",4% ABV,£54.95
317,Mackmyra,Intelligens AI:02 Swedish,Swedish,70cl,,1% ABV,£64.95
318,Mackmyra,Stjarnrok Swedish Single Malt,Swedish,70cl,,1% ABV,£64.95
319,High Coast,Berry Bros & Rudd Nordic Casks - Swedish Single Cask #1384,Swedish,70cl,"2013
Vintage",9% ABV,£174.95
320,Mackmyra,Bjorksav Swedish Single Malt,Swedish,70cl,,1% ABV,£62.95
321,Mackmyra,Frihet / Freedom Collection Set Whisky (6 x 1,,100cl,,1% ABV,£999.95
322,Mackmyra,Miniature Gift Pack Whisky (4 x,,5cl,,4% ABV,£39.95
323,Mackmyra,Svensk Rok Miniature,,5cl,,1% ABV,£12.95
324,Mackmyra,Svensk EK Miniature,,5cl,,1% ABV,£14.95
325,Mackmyra,Brukswhisky Miniature,,5cl,,40% ABV,£7.95
326,Jack Daniel's,Old No. 7 - McLaren Formula 1 Team 2024 Edition,Formula 1,70cl,,40% ABV,£38.95
327,Jack Daniel's,McLaren Formula 1 Team 2024 Guitar Case,Formula 1,70cl,,40% ABV,£59.95
328,Jack Daniel's,Old No. 7 - McLaren Formula 1 Team 2023 Edition,Formula 1,70cl,,40% ABV,£59.95
329,Jack Daniel's,McLaren Formula 1 Team 2023 Guitar Case,Formula 1,70cl,,40% ABV,£79.95
330,Jack Daniel's,Old No. 7 - McLaren Formula 1 Team 2025 Edition,Formula 1,70cl,,43% ABV,£29.95
331,Jack Daniel's,Tennessee Honey Whiskey,Tennessee,70cl,,35% ABV,£27.95
332,Jack Daniel's,Bonded Rye Tennessee,Rye,70cl,,50% ABV,£42.95
333,Jack Daniel's,American Single Malt Sherry Cask Whiskey (1,American,100cl,,45% ABV,£119.95
334,Jack Daniel's,Bonded Tennessee,Tennessee,70cl,,50% ABV,£39.95
335,Jack Daniel's,Triple Mash Tennessee,Tennessee,70cl,,50% ABV,£39.95
336,Jack Daniel's,Single Barrel Select,Barrel,70cl,,45% ABV,£44.95
337,Jack Daniel's,Single Barrel Cask Strength,Barrel,70cl,,5% ABV,£79.95
338,Jack Daniel's,Tennessee Rye,Tennessee,70cl,,45% ABV,£32.95
339,Jack Daniel's,Single Barrel Rye,Barrel,70cl,,45% ABV,£62.95
340,Jack Daniel's,Old No. 7 Guitar Case,,70cl,,40% ABV,£49.95
341,Jack Daniel's,Tennessee Fire Whiskey,Tennessee,70cl,,35% ABV,£27.95
342,Jack Daniel's,No. 27 Gold Maple Wood Finish,,70cl,,40% ABV,£91.95
343,Jack Daniel's,Frank Sinatra Select Whiskey (1,,100cl,,45% ABV,£154.95
344,Jack Daniel's,Gentleman Jack Tennessee,Tennessee,70cl,,40% ABV,£34.95
345,Jack Daniel's,McLaren Formula 1 Team 2025 Guitar Case,Formula 1,70cl,,43% ABV,£59.95
346,Yamazaki,Suntory 100th Anniversary Edition,Suntory,70cl,12 Year Old,43% ABV,£174.85
347,Yamazaki,Distiller's Reserve Japanese,Japanese,70cl,,43% ABV,£84.95
348,Yamazaki,Japanese Single Malt,Japanese,70cl,12 Year Old,43% ABV,£138.95
349,Yamazaki,Japanese Single Malt,Japanese,70cl,18 Year Old,43% ABV,£699.95
350,Yamazaki,Tsukuriwake Cask Collection 2024 - Islay Peated,,70cl,,48% ABV,£449.95
351,Yamazaki,Tsukuriwake Cask Collection 2024 - Mizunara,,70cl,18 Year Old,48% ABV,"£1,599.95"
352,Yamazaki,Tsukuriwake Cask Collection 2024 - Golden Promise,,70cl,,48% ABV,£449.95
353,Yamazaki,Mizunara - Suntory 100th Anniversary Edition,Suntory,70cl,18 Year Old,48% ABV,"£1,999.95"
354,Yamazaki,Tsukuriwake Selection 2022 Edition Japanese Whisky (4 x,Japanese,70cl,,48% ABV,"£4,999.95"
355,Yamazaki,Japanese Single Malt,Japanese,70cl,"25 Year Old
·
1996
Vintage",43% ABV,"£6,999.95"
356,Yamazaki,Mizunara Oak Cask 2017 Edition,,70cl,18 Year Old,48% ABV,"£8,999.95"
357,Yamazaki,Bourbon Barrel 2013,Bourbon,70cl,,48% ABV,"£3,499.95"
358,Yamazaki,Sherry Cask 2013,,70cl,,48% ABV,"£5,500"
359,Yamazaki,Puncheon Cask 2013,,70cl,,48% ABV,"£1,999.95"
360,Yamazaki,Suntory Japanese Single Malt Miniature,Suntory,5cl,12 Year Old,43% ABV,£59.95
361,Yamazaki,2023 Limited Edition Japanese,Japanese,70cl,,43% ABV,£499.95
362,Yamazaki,Smoky Batch - The First,,70cl,,43% ABV,£519.95
363,Yamazaki,Single Malt (White Box),,70cl,10 Year Old,40% ABV,£449.95
364,Yamazaki,The Essence Of Suntory - Peated Malt,Suntory,50cl,"2005
Vintage",49% ABV,"£1,199.95"
365,Yamazaki,The Essence Of Suntory - Spanish Oak,Suntory,50cl,"2009
Vintage",56% ABV,"£1,199.95"
366,Hibiki,Harmony Master's Select,Harmony,70cl,,43% ABV,£139.95
367,Hibiki,Japanese Blended,Japanese,70cl,21 Year Old,43% ABV,£799.95
368,Hibiki,Harmony Blossom 2022 Limited Edition,Harmony,70cl,,43% ABV,£249.95
369,Hibiki,Harmony Master's Select - 100th Anniversary,Harmony,70cl,,43% ABV,£169.95
370,Hibiki,Suntory 100th Anniversary Edition,Suntory,70cl,21 Year Old,43% ABV,"£5,999.95"
371,Hibiki,Harmony - Suntory 100th Anniversary Edition,Harmony,70cl,,43% ABV,£344.95
372,Hibiki,Harmony Limited Edition 2021,Harmony,70cl,,43% ABV,£599.95
373,Hibiki,Harmony 30th Anniversary Special Edition,Harmony,70cl,,43% ABV,"£2,999.95"
374,Hibiki,Japanese Blended,Japanese,70cl,12 Year Old,43% ABV,£749.95
375,Hibiki,Japanese Blended,Japanese,70cl,17 Year Old,43% ABV,£999.95
376,Hibiki,Japanese Blended,Japanese,70cl,30 Year Old,43% ABV,
377,Hibiki,Harmony Japanese Suntory,Harmony,70cl,,43% ABV,
378,Hibiki,Kacho Fugetsu Limited Edition,,70cl,21 Year Old,43% ABV,
379,Hibiki,Neck Tag & Japanese Harmony Whisky (Old,Japanese,70cl,,43% ABV,
380,Hibiki,Blender's Choice,,70cl,,43% ABV,
381,Hibiki,Harmony Master's Select Limited Edition,Harmony,70cl,,43% ABV,
382,Hibiki,Japanese Blended,Japanese,50cl,12 Year Old,43% ABV,
383,Hibiki,Millennium Finest Old Mild & Smooth,,70cl,6 Year Old,40% ABV,
384,Hibiki,Blended Miniature,,5cl,,43% ABV,
385,Hibiki,Blended Miniature,,5cl,17 Year Old,43% ABV,
386,Woodford Reserve,Kentucky Derby 145 Whiskey (1,Kentucky,100cl,,2% ABV,£59.95
387,Woodford Reserve,Baccarat Edition Bourbon,Bourbon,70cl,,2% ABV,"£1,348.95"
388,Woodford Reserve,Kentucky Straight Wheat,Kentucky,70cl,,2% ABV,£34.95
389,Woodford Reserve,Distiller's Select Malt,,70cl,,2% ABV,£42.95
390,Woodford Reserve,Distiller's Select Bourbon,Bourbon,70cl,,2% ABV,£37.95
391,Woodford Reserve,Double Oaked Kentucky Straight Bourbon,Kentucky,70cl,,2% ABV,£59.95
392,Woodford Reserve,Distiller's Select Straight Rye,Rye,70cl,,2% ABV,£37.95
393,Woodford Reserve,Master's Collection - Historic Barrel Entry Bourbon,Barrel,70cl,,2% ABV,£139.95
394,Woodford Reserve,Batch Proof 124.7 Bourbon,Bourbon,70cl,,35% ABV,£139.95
395,Woodford Reserve,Masters Collection - Maple Wood Finish Bourbon,Bourbon,70cl,,2% ABV,£299.95
396,Woodford Reserve,Kentucky Derby 142 Whiskey (1,Kentucky,100cl,,2% ABV,£99.95
397,Woodford Reserve,Masters Collection - 123.6 Batch Proof Bourbon,Bourbon,70cl,,8% ABV,£124.95
398,Woodford Reserve,Distiller's Select Bourbon Miniatures Whiskey (12 x,Bourbon,5cl,,2% ABV,£44.95
399,Woodford Reserve,Glass & Five-Malt Stouted Mash,,70cl,,40% ABV,£129.95
400,Woodford Reserve,Master's Collection - Five-Malt Stouted Mash,,70cl,,2% ABV,£118.95
401,Woodford Reserve,Glass & Distiller's Select Malt,,70cl,,2% ABV,£41.95
402,Woodford Reserve,Glass & Distiller's Select Straight Rye,Rye,70cl,,2% ABV,£41.95
403,Woodford Reserve,Glass & Double Oaked Kentucky Straight Bourbon,Kentucky,70cl,,2% ABV,£59.95
404,Woodford Reserve,Glass & Distiller's Select Bourbon,Bourbon,70cl,,2% ABV,£39.95
405,Woodford Reserve,Glass & Kentucky Straight Wheat,Kentucky,70cl,,2% ABV,£43.95
406,Blanton's,Straight From The Barrel - Single Cask #428,Barrel,70cl,,35% ABV,£149.95
407,Eagle Rare,Double Eagle Very Rare,Eagle,70cl,20 Year Old,5% ABV,"£4,199.95"
408,Buffalo Trace,Traveller Bourbon Whiskey (Chris,Bourbon,70cl,,45% ABV,£31.95
409,Buffalo Trace,Kosher Wheat Recipe Bourbon,Bourbon,75cl,,47% ABV,£43.95
410,Buffalo Trace,Kosher Straight Rye,Rye,75cl,,47% ABV,£39.95
411,Buffalo Trace,Bourbon Cream,Bourbon,70cl,,15% ABV,£19.95
412,Buffalo Trace,Kosher Rye Recipe Bourbon,Rye,75cl,,47% ABV,£39.95
413,Blanton's,Original Single Barrel Bourbon,Barrel,70cl,,5% ABV,£69.95
414,Blanton's,Gold Edition Single Barrel Bourbon,Barrel,70cl,,5% ABV,£113.95
415,Eagle Rare,Kentucky Straight Bourbon,Kentucky,70cl,10 Year Old,45% ABV,£41.95
416,Buffalo Trace,Kentucky Straight Bourbon,Kentucky,70cl,,40% ABV,£27.95
417,Sazerac,Straight Rye,Rye,70cl,6 Year Old,45% ABV,£43.95
418,Blanton's,Straight From The Barrel - Single Cask #418,Barrel,70cl,,8% ABV,£169.95
419,Blanton's,Straight From The Barrel - Single Cask #427,Barrel,70cl,,8% ABV,£199.95
420,William Larue Weller,Full Proof Bourbon,Bourbon,75cl,,57% ABV,£249.95
421,Stagg Jr,Batch 23C Barrel Proof Kentucky Straight Bourbon,Barrel,75cl,,95% ABV,£279.95
422,Buffalo Trace,Ice Mould & Kentucky Straight Bourbon,Kentucky,70cl,,40% ABV,£29.95
423,Buffalo Trace,Rock Hill Farms Single Barrel Bourbon,Barrel,70cl,,50% ABV,£459.95
424,Blanton's,Straight From The Barrel - Single Cask #1461,Barrel,70cl,,7% ABV,£199.95
425,Blanton's,Straight From The Barrel - Single Cask #2174,Barrel,70cl,,7% ABV,£299.95
426,Banks,7 Golden Age,,70cl,,43% ABV,£54.95
427,Banks,5 Island,,70cl,,43% ABV,£47.95
428,Egan's,Endeavour Irish,Irish,70cl,,46% ABV,£46.95
429,Writers Tears,Copper Pot Irish,Irish,70cl,,40% ABV,£44.95
430,Jameson,Single Pot Still Batch #1 Irish,Irish,70cl,,46% ABV,£49.95
431,Redbreast,Iberian Series #1 Single Pot Still PX,,70cl,,46% ABV,£76.95
432,Red Spot,Single Pot Still Irish,Irish,70cl,15 Year Old,46% ABV,£120.95
433,Cooley,Rare Find by Gleann Mor - Single Cask Rum Cask Finish Irish,Irish,70cl,"19 Year Old
·
2002
Vintage",8% ABV,£149.95
434,Midleton,Very Rare 2024 Edition,Very Rare,70cl,,40% ABV,£199.95
435,Bushmills,The Causeway Collection - Rum Cask Whiskey (UK,,70cl,"25 Year Old
·
1997
Vintage",2% ABV,£348.95
436,Connemara,Peated Irish Single Malt,Irish,70cl,12 Year Old,40% ABV,£64.95
437,Jameson,Triple Triple Irish,Irish,70cl,,40% ABV,£31.95
438,Flaming Pig,Black Cask Irish,Irish,70cl,,40% ABV,£36.95
439,Rammstein,Irish,Irish,70cl,,43% ABV,£71.95
440,Redbreast,Single Pot Still Irish,Irish,70cl,18 Year Old,46% ABV,£182.95
441,Egan's,Conviction Irish,Irish,70cl,10 Year Old,46% ABV,£69.95
442,Midleton,Very Rare Barry Crockett Legacy,Very Rare,70cl,,46% ABV,£289.95
443,Blue Spot,Cask Strength Single Irish Pot Still Batch #3,Irish,70cl,7 Year Old,1% ABV,£93.95
444,Gold Spot,Generations Edition,,70cl,13 Year Old,46% ABV,£123.95
445,The Irishman,Single Malt Irish,Irish,70cl,17 Year Old,54% ABV,£176.95
446,Berry Bros & Rudd,Classic Irish Reserve Single Malt,Irish,70cl,,2% ABV,£44.95
447,Powers,Gold Label Distillers Cut,,70cl,,2% ABV,£31.95
448,Connemara,Peated Irish Single Malt,Irish,70cl,12 Year Old,40% ABV,£64.95
449,The Lakes,Signature English Single Malt,English,70cl,,47% ABV,£78.45
450,Jameson,Triple Triple Irish,Irish,70cl,,40% ABV,£31.95
451,Jack Daniel's,Old No. 7 - McLaren Formula 1 Team 2025 Edition,Formula 1,70cl,,43% ABV,£29.95
452,Hakushu,Japanese Single Malt,Japanese,70cl,25 Year Old,43% ABV,"£4,399.95"
453,Kyro,Malt Rye,Rye,70cl,,2% ABV,£54.95
454,Kyro,Wood Smoke Rye Malt,Rye,70cl,,2% ABV,£64.95
455,Kyro,Peat Smoke Malt Rye,Rye,70cl,,2% ABV,£64.95
456,Blanton's,Straight From The Barrel - Single Cask #428,Barrel,70cl,,35% ABV,£149.95
457,Kamiki,Original Japanese Blended Malt,Japanese,50cl,,48% ABV,£58.95
458,Kamiki,Sakura Japanese Blended Malt,Japanese,50cl,,48% ABV,£61.45
459,Kamiki,Intense Japanese Blended Malt,Japanese,50cl,,48% ABV,£59.95
460,Eagle Rare,Double Eagle Very Rare,Eagle,70cl,20 Year Old,5% ABV,"£4,199.95"
461,Yellowstone,Select Rum Finish,Rum Finish,70cl,,50% ABV,£59.95
462,Flaming Pig,Black Cask Irish,Irish,70cl,,40% ABV,£36.95
463,Rammstein,Irish,Irish,70cl,,43% ABV,£71.95
464,Buffalo Trace,Traveller Bourbon Whiskey (Chris,Bourbon,70cl,,45% ABV,£31.95
465,Kurayoshi,Single Malt Japanese,Japanese,70cl,,43% ABV,£99.95
466,Buffalo Trace,Kosher Wheat Recipe Bourbon,Bourbon,75cl,,47% ABV,£43.95
467,Rampur,Sangam Indian,Indian,70cl,,43% ABV,£49.95
468,Starward,Fortis Australian Single Malt,,70cl,,50% ABV,£57.95
469,Starward,Left-Field Australian Single Malt,,70cl,,40% ABV,£37.95
470,Starward,Nova Australian Single Malt,,70cl,,41% ABV,£44.95
471,Starward,Solera Australian Single Malt,,70cl,,43% ABV,£59.95
472,Starward,Vitalis 15th Anniversary Edition Australian Single Malt,,70cl,,52% ABV,£128.95
473,Starward,Octave Barrels Australian Single Malt,Barrel,70cl,"3 Year Old
·
2018
Vintage",48% ABV,£84.75
474,Starward,Unexpeated Australian Single Malt,,70cl,"4 Year Old
·
2017
Vintage",48% ABV,£80.85
475,Starward,Trio Gift Pack Whisky (3 x,,20cl,,7% ABV,£49.95
476,Starward,Ginger Beer Cask #6,,50cl,"4 Year Old
·
2017
Vintage",48% ABV,£79.95
477,Starward,That Boutique-Y Whisky Company Batch #1,,50cl,3 Year Old,56% ABV,£99.95
478,Starward,Project Release - Dolce,,50cl,,48% ABV,£99.95
479,Starward,Tawny Port Cask,,50cl,,48% ABV,£84.95
480,Starward,Two Fold Double Grain Australian Single Malt,,70cl,,40% ABV,£49.95
481,Starward,(New) Old Fashioned Whisky Cocktail Whisky,,50cl,,32% ABV,
482,Shizuoka,1st Edition - Pot Still K 100% Imported Barley,,70cl,,5% ABV,£199.95
483,Shizuoka,1st Edition - United S Single Malt Japanese,Japanese,70cl,,5% ABV,£114.95
484,Shizuoka,1st Edition - Pot Still W 100% Imported Barley,,70cl,,5% ABV,£149.95
485,Shizuoka,1st Edition - Pot Still K 100% Japanese Barley,Japanese,70cl,,5% ABV,£229.95
486,Shizuoka,Automotive Icons Series Vol. 1 Toyota 2000GT,,70cl,"4 Year Old
·
2019
Vintage",4% ABV,£449.95
487,Waterford,Biodynamic Cuvee Luna 2024 Single Malt Irish,Irish,70cl,,50% ABV,£87.95
488,Waterford,Heritage Goldthorpe Single Malt Irish,Irish,70cl,,50% ABV,£92.95
489,Waterford,Cuvee Koffi Single Malt Irish,Irish,70cl,6 Year Old,50% ABV,£74.95
490,Waterford,The Cuvee Argot Single Malt Irish,Irish,70cl,,47% ABV,£54.95
491,Waterford,Arcadian Series Gaia Organic 2.1 Irish,Irish,70cl,"5 Year Old
·
2016
Vintage",50% ABV,£71.95
492,Waterford,Single Farm Origin Series Grattansbrook 1.1,,70cl,"3 Year Old
·
2017
Vintage",50% ABV,£69.95
493,Waterford,Single Farm Origin Series Lakefield 1.1,,70cl,"3 Year Old
·
2017
Vintage",50% ABV,£89.95
494,Waterford,Single Farm Origin Series Hook Head 1.1,,70cl,"3 Year Old
·
2017
Vintage",50% ABV,£69.95
495,Waterford,Arcadian Series Organic Gaia 1.1 - Irish Single Malt,Irish,70cl,"3 Year Old
·
2016
Vintage",50% ABV,£79.95
496,Waterford,Single Farm Origin Series Ballymorgan 1.1 Irish,Irish,70cl,"4 Year Old
·
2016
Vintage",50% ABV,£89.95
497,Waterford,Single Farm Origin Series Sheestown 1.1 Irish,Irish,70cl,"3 Year Old
·
2016
Vintage",50% ABV,£89.95
498,Waterford,Single Farm Origin Series Bannow Island 1.1 Irish,Irish,70cl,"3 Year Old
·
2016
Vintage",50% ABV,£89.95
499,Waterford,Single Farm Origin Series Ballykilcavan 1.1 Irish,Irish,70cl,"3 Year Old
·
2016
Vintage",50% ABV,£89.95
500,Waterford,Arcadian Farm Origin Series Lacken 1.1 Peated,,70cl,,50% ABV,
501,Waterford,Heritage Hunter 1.1 Irish,Irish,70cl,,50% ABV,
502,Waterford,Single Farm Origin Series Ballybannon 1.1 Peated,,70cl,,50% ABV,
503,Waterford,Luna Biodynamic Single Malt,,70cl,"3 Year Old
·
2018
Vintage",50% ABV,
504,Waterford,The Cuvee Single Malt Irish,Irish,70cl,,50% ABV,
505,Waterford,Micro Cuvee - Lomhar Single Malt Irish,Irish,70cl,,50% ABV,
506,Waterford,Single Farm Origin Series Ballymorgan 1.2,,70cl,"4 Year Old
·
2016
Vintage",50% ABV,
507,Teeling,Single Irish Pot Still,Irish,70cl,,46% ABV,£44.95
508,Teeling,Irish Single Malt,Irish,70cl,,46% ABV,£48.95
509,Teeling,Single Grain Irish,Irish,70cl,,46% ABV,£43.95
510,Teeling,Rising Reserve No. 3 Single Malt Irish,Irish,70cl,21 Year Old,46% ABV,£194.95
511,Teeling,Wonders Of Wood Vol 3 - Virgin Swedish Oak,Swedish,70cl,,50% ABV,£94.95
512,Teeling,Small Batch Cask Glass Pack,,70cl,,46% ABV,£49.95
513,Teeling,Dark Porter - Small Batch Collaboration - 2022 Release,,70cl,,46% ABV,£49.95
514,Teeling,Wonders Of Wood Edition 1 Irish Pot Still,Irish,70cl,,50% ABV,£299.95
515,Teeling,Renaissance Batch #5 Irish Single Malt,Irish,70cl,"18 Year Old
·
2004
Vintage",46% ABV,£299.95
516,Teeling,Single Malt,,70cl,"30 Year Old
·
1991
Vintage",43% ABV,£888.95
517,Teeling,Amber Ale Small Batch Collaboration Dot Brew,,70cl,,46% ABV,£59.95
518,Teeling,Black Pitts - Peated Single Malt Irish,Irish,70cl,,46% ABV,£55.95
519,Teeling,Renaissance Batch #2 Irish Single Malt,Irish,70cl,18 Year Old,46% ABV,£299.95
520,Teeling,Ginger Beer - Small Batch Collaboration Vol 1 - 2020 Release,,70cl,,46% ABV,£149.95
521,Teeling,Vintage Reserve Collection Single Malt,,70cl,28 Year Old,46% ABV,£699.95
522,Teeling,Silver Reserve Irish,Irish,70cl,"21 Year Old
·
1991
Vintage",46% ABV,£749.95
523,Teeling,Small Batch Irish,Irish,70cl,,46% ABV,
524,Teeling,Pineapple Rum Cask #2 - Small Batch Collaboration - 2022 Release,,70cl,,2% ABV,
525,Teeling,Ginger Beer - Small Batch Collaboration - 2022 Release,,70cl,,46% ABV,
526,Teeling,Vintage Reserve - Single Malt Irish,Irish,70cl,"32 Year Old
·
1988
Vintage",46% ABV,
