Brand,Varieties,Type,Centi_liter,Year,ABV_Percent,Price_Rupees,ABV_Category,Mili_liter
Angel's Envy,Straight Port Cask Finish Bourbon,Bourbon,70,NAS,3,6810,Low,700
Angel's Envy,Manhattan Bundle - Martini Rubino Vermouth & Straight Port Cask Finish Bourbon,Bourbon,70,NAS,3,9082,Low,700
Buffalo Trace,Traveller Bourbon Whiskey (Chris,Bourbon,70,NAS,45,3630,Medium,700
Buffalo Trace,Kosher Wheat Recipe Bourbon,Bourbon,75,NAS,47,4993,High,750
Elijah Craig,Barrel Proof Kentucky Straight Bourbon,Barrel,70,NAS,8,14194,Low,700
Maker's Mark,Kentucky Straight Bourbon,Kentucky,70,NAS,45,4084,Medium,700
Ben Holladay,Soft Red Wheat Bottled In Bond Straight Bourbon,Bourbon,70,NAS,50,9082,High,700
Booker's,2024-01 Batch Bourbon,Bourbon,70,7 Year Old,2,10218,Low,700
Wild Turkey,Rare Breed Kentucky Straight Bourbon,Kentucky,70,NAS,4,6810,Low,700
Wild Turkey,81 Kentucky Straight Bourbon,Kentucky,70,NAS,5,3402,Low,700
Maker's Mark,46 Kentucky Straight Bourbon,Kentucky,70,NAS,47,4538,High,700
Wild Turkey,101 Kentucky Straight Bourbon,Kentucky,70,NAS,5,4538,Low,700
Old Bardstown,Kentucky Straight Bourbon,Kentucky,70,NAS,45,4538,Medium,700
Leiper’s Fork,Bottled In Bond Bourbon,Bourbon,70,4 Year Old,50,9082,High,700
Leiper’s Fork,Bottled In Bond Tennessee Bourbon,Tennessee,70,4 Year Old,50,9082,High,700
Old Forester,1870 Original Batch Kentucky Straight Bourbon,Kentucky,70,NAS,45,5447,Medium,700
Jim Beam,Black Extra-Aged Bourbon,Bourbon,70,NAS,43,3141,Medium,700
Elijah Craig,Single Barrel Bourbon,Barrel,70,18 Year Old,45,24986,Medium,700
Buffalo Trace,Kosher Rye Recipe Bourbon,Rye,75,NAS,47,4538,High,750
Basil Hayden's,Kentucky Straight Bourbon,Kentucky,70,NAS,40,5674,High,700
SirDavis,Sherry Cask Rye,Rye,70,NAS,44,8969,Medium,700
Wild Turkey,Kentucky Straight Rye,Kentucky,70,NAS,5,4198,Low,700
Elijah Craig,Kentucky Straight Rye,Kentucky,70,NAS,47,5561,High,700
Jack Daniel's,Bonded Rye Tennessee,Rye,70,NAS,50,4879,High,700
Rebel,Straight Rye,Rye,70,NAS,45,4538,Medium,700
Buffalo Trace,Kosher Straight Rye,Rye,75,NAS,47,4538,High,750
Knob Creek,Small Batch Kentucky Straight Rye,Kentucky,70,NAS,50,5334,High,700
Sagamore,Double Oak Rye,Rye,70,NAS,3,8742,Low,700
New York Distilling,Ragtime Rye Bottled In Bond,Rye,70,4 Year Old,50,5674,High,700
Rabbit Hole,Boxergrail Kentucky Straight Rye,Kentucky,70,NAS,5,5334,Low,700
WhistlePig,Vermont Oak Finish Rye,Rye,70,15 Year Old,46,28394,Medium,700
Balcones,Texas Rye 100 Proof,Rye,70,NAS,50,5674,High,700
WhistlePig,Piggyback 100% Rye,Rye,70,6 Year Old,3,5561,Low,700
Few,Immortal Rye,Rye,70,NAS,5,7606,Low,700
Willett's,Family Reserve Rye,Rye,70,4 Year Old,4,9082,Low,700
James E Pepper,1776 Straight Rye,Rye,70,NAS,46,5106,Medium,700
New York Distilling,Ragtime Rye,Rye,70,NAS,2,4527,Low,700
Heaven's Door,Straight Rye Whiskey (Bob,Rye,70,NAS,43,7946,Medium,700
Few,Rye,Rye,70,NAS,5,7946,Low,700
Jack Daniel's,Tennessee Rye,Tennessee,70,NAS,45,3743,Medium,700
Jack Daniel's,American Single Malt Sherry Cask Whiskey (1,American,100,NAS,45,13626,Medium,1000
Davidson Reserve,Four Grain Tennessee,Tennessee,70,NAS,50,6242,High,700
Davidson Reserve,Sour Mash Tennessee,Tennessee,70,NAS,48,5447,High,700
Uncle Nearest,1856 Premium,Tennessee,70,NAS,50,8514,High,700
Jack Daniel's,Bonded Tennessee,Tennessee,70,NAS,50,4538,High,700
Jack Daniel's,Triple Mash Tennessee,Tennessee,70,NAS,50,4538,High,700
Uncle Nearest,1884 Small Batch,Tennessee,70,NAS,5,6810,Low,700
Heaven's Door,Double Barrel Whiskey (Bob,Barrel,70,NAS,50,8514,High,700
Heaven's Door,Tennessee Bourbon Whiskey (Bob,Tennessee,70,NAS,42,6810,Medium,700
Jack Daniel's,Single Barrel Select,Barrel,70,NAS,45,5106,Medium,700
Jack Daniel's,Single Barrel Cask Strength,Barrel,70,NAS,5,9082,Low,700
Jack Daniel's,Single Barrel Rye,Barrel,70,NAS,45,7151,Medium,700
Jack Daniel's,Old No. 7 Guitar Case,Barrel,70,NAS,40,5674,High,700
Jack Daniel's,No. 27 Gold Maple Wood Finish,Barrel,70,NAS,40,10446,High,700
Jack Daniel's,Frank Sinatra Select Whiskey (1,Barrel,100,NAS,45,17602,Medium,1000
Blanton's,Straight From The Barrel - Single Cask #428,Barrel,70,NAS,35,17034,Low,700
Eagle Rare,Double Eagle Very Rare,Eagle,70,NAS,5,477114,Low,700
Yellowstone,Select Rum Finish,Rum Finish,70,NAS,50,6810,High,700
Woodford Reserve,Kentucky Derby 145 Whiskey (1,Kentucky,100,NAS,2,6810,Low,1000
Yellowstone,108 Proof American Single Malt,American,70,NAS,54,7719,High,700
Booker's,2024-01 Batch Bourbon,Bourbon,70,NAS,2,10218,Low,700
Buffalo Trace,Bourbon Cream,Bourbon,70,NAS,15,2266,Low,700
Blanton's,Original Single Barrel Bourbon,Barrel,70,NAS,5,7946,Low,700
Blanton's,Gold Edition Single Barrel Bourbon,Barrel,70,NAS,5,12945,Low,700
Eagle Rare,Kentucky Straight Bourbon,Kentucky,70,NAS,45,4766,Medium,700
Buffalo Trace,Kentucky Straight Bourbon,Kentucky,70,NAS,40,3175,High,700
Sazerac,Straight Rye,Rye,70,NAS,45,4993,Medium,700
Blanton's,Straight From The Barrel - Single Cask #418,Barrel,70,NAS,8,19306,Low,700
Blanton's,Straight From The Barrel - Single Cask #427,Barrel,70,NAS,8,22714,Low,700
William Larue Weller,Full Proof Bourbon,Bourbon,75,NAS,57,28394,High,750
Stagg Jr,Batch 23C Barrel Proof Kentucky Straight Bourbon,Barrel,75,NAS,95,31802,High,750
Buffalo Trace,Ice Mould & Kentucky Straight Bourbon,Kentucky,70,NAS,40,3402,High,700
Buffalo Trace,Rock Hill Farms Single Barrel Bourbon,Barrel,70,NAS,50,52250,High,700
Blanton's,Straight From The Barrel - Single Cask #1461,Barrel,70,NAS,7,22714,Low,700
Blanton's,Straight From The Barrel - Single Cask #2174,Barrel,70,NAS,7,34074,Low,700
Bushmills,Single Malt Rare Irish,Irish,70,NAS,46,215834,Medium,700
Bushmills,Single Malt Rare Irish,Irish,70,NAS,46,89738,Medium,700
Bushmills,Irish Single Malt,Irish,70,NAS,40,5447,High,700
Bushmills,Irish Single Malt,Irish,70,NAS,40,24532,High,700
Bushmills,American Oak Cask Finish Irish,American,70,NAS,40,3402,High,700
Bushmills,Caribbean Rum Cask Finish,American,70,NAS,40,3516,High,700
Bushmills,Original & Black Bush 35cl Gift Pack,American,35,NAS,40,3630,High,350
Bushmills,Original Irish,Irish,70,NAS,40,3175,High,700
Bushmills,Black Bush Irish,Irish,70,NAS,40,3970,High,700
Bushmills,Highball Glass & American Oak Cask Finish Irish,American,70,NAS,40,3630,High,700
Bushmills,Highball Glass & Irish Single Malt,Irish,70,NAS,40,5561,High,700
Bushmills,Highball Glass & Caribbean Rum Cask Finish,Irish,70,NAS,40,3630,High,700
Bushmills,Highball Glass & Original Irish,Irish,70,NAS,40,3289,High,700
Bushmills,Highball Glass & Black Bush Irish,Irish,70,NAS,40,4425,High,700
Bushmills,Coaster & Irish Single Malt,Irish,70,NAS,40,4879,High,700
Bushmills,Irish Single Malt,Irish,70,NAS,40,4879,High,700
Bushmills,Branded Glass & Caribbean Rum Cask Finish,Irish,70,NAS,40,3289,High,700
Bushmills,Branded Glass & Original Irish,Irish,70,NAS,40,3289,High,700
Bushmills,Branded Glass & Black Bush Irish,Irish,70,NAS,40,4425,High,700
Bushmills,The Causeway Collection - Rum Cask Whiskey (UK,Irish,70,NAS,2,39641,Low,700
Midleton,Very Rare Barry Crockett Legacy,Very Rare,70,NAS,46,32938,Medium,700
Midleton,Very Rare 2025 Edition,Very Rare,70,NAS,40,24986,High,700
Midleton,Forêt De Troncais Edition 2,Very Rare,70,NAS,48,499834,High,700
Midleton,Very Rare Silent Distillery Chapter 5,Very Rare,70,NAS,4,5452794,Low,700
Midleton,Very Rare 40th Anniversary Ruby,Very Rare,70,NAS,40,2010714,High,700
Midleton,Very Rare 2024 Edition,Very Rare,70,NAS,40,22714,High,700
Midleton,Very Rare Foret De Troncais,Very Rare,70,NAS,48,485634,High,700
Midleton,Very Rare 2023 Edition,Very Rare,70,NAS,40,28394,High,700
Midleton,Very Rare Silent Distillery Chapter 3,Very Rare,70,NAS,7,4771194,Low,700
Midleton,Very Rare 2022 Edition,Very Rare,70,NAS,40,68154,High,700
Midleton,Dair Ghaelach Knockrath Forest - Tree 2,Very Rare,70,NAS,3,90874,Low,700
Midleton,Dair Ghaelach Knockrath Forest - Tree 5,Very Rare,70,NAS,5,113594,Low,700
Midleton,Very Rare 2021 Edition,Very Rare,70,NAS,40,68154,High,700
Midleton,Very Rare 2020 Edition,Very Rare,70,NAS,40,170394,High,700
Midleton,Very Rare 2019 Edition,Very Rare,70,NAS,40,113594,High,700
Midleton,Very Rare 2013 Edition,Very Rare,70,NAS,40,170394,High,700
Midleton,Very Rare 2017 Edition,Very Rare,70,NAS,40,124954,High,700
Midleton,Very Rare 2001 Edition,Very Rare,70,NAS,40,181754,High,700
Midleton,Very Rare 2018 Edition,Very Rare,70,NAS,40,113594,High,700
Midleton,Very Rare 2017 Edition,Very Rare,70,NAS,40,170394,High,700
Redbreast,Single Pot Still Irish,Irish,70,NAS,46,20783,Medium,700
Redbreast,Single Pot Still Irish,Irish,70,NAS,40,6242,High,700
Redbreast,Single Pot Still Irish,Irish,70,NAS,46,33506,Medium,700
Redbreast,Single Pot Still Irish - Batch 6,Irish,70,NAS,9,61906,Low,700
Redbreast,Iberian Series #1 Single Pot Still PX,Irish,70,NAS,46,8742,Medium,700
Redbreast,Glass & Single Pot Still,Irish,70,NAS,46,33506,Medium,700
Redbreast,Glass & Single Pot Still Irish,Irish,70,NAS,40,6810,High,700
Redbreast,Tasting Glass & Single Pot Still Irish,Irish,70,NAS,40,6583,High,700
Redbreast,Cask Strength Batch B1/23,Irish,70,NAS,2,10218,Low,700
Redbreast,Birdfeeder & Single Malt,Irish,70,NAS,40,7946,High,700
Redbreast,Iberian Series #2 Single Pot Still Tawny Port,Irish,70,NAS,46,17034,Medium,700
Redbreast,Cask Strength Batch B1-22,Irish,70,NAS,1,10218,Low,700
Redbreast,Birdfeeder & Miniature Gift Pack,Irish,70,NAS,40,10786,High,700
Redbreast,Birdfeeder & 12 Year Old,Irish,70,NAS,40,8742,High,700
Redbreast,Cask Strength Batch B1-20,Irish,70,NAS,6,24986,Low,700
Redbreast,Family Collection Miniature Gift Pack Whiskey (3 x,Irish,5,NAS,46,3857,Medium,50
Redbreast,Cask Strength Batch B2-19,Irish,70,NAS,8,17034,Low,700
Redbreast,Lustau Edition Irish,Irish,70,NAS,46,7378,Medium,700
Redbreast,Single Pot Still Irish,Irish,70,NAS,46,7378,Medium,700
Redbreast,Single Pot Still Irish - Batch 5,Irish,70,NAS,6,7378,Low,700
Blue Spot,Cask Strength Single Irish Pot Still Batch #3,Irish,70,NAS,1,10673,Low,700
Gold Spot,Generations Edition,Irish,70,NAS,46,14081,Medium,700
Red Spot,Single Pot Still Irish,Irish,70,NAS,46,13740,Medium,700
Green Spot,Leoville Barton Bordeaux Wine Cask Finish Irish,Irish,70,NAS,46,7378,Medium,700
Yellow Spot,Single Pot Still Irish,Irish,70,NAS,46,9082,Medium,700
Green Spot,Single Pot Still Irish,Irish,70,NAS,40,5674,High,700
Irish Spot,"Gold, Green & Yellow Spot Whiskey Bundle Irish Whiskey (3 x",Irish,70,NAS,4,29530,Low,700
Green Spot,Quails' Gate Pinot Noir Wine Cask Finish Irish,Irish,70,NAS,46,17034,Medium,700
Gold Spot,135th Anniversary Limited Edition Irish,Irish,70,NAS,4,28383,Low,700
Irish Spot,"Blue, Red, Green & Yellow Bundle Irish Whiskey (4 x",Irish,70,NAS,40,39186,High,700
Green Spot,Chateau Montelena Zinfandel Wine Cask Finish Irish,Irish,70,NAS,46,7946,Medium,700
Irish Spot,"Gold, Green, Yellow & Red Bundle Irish Whiskey (4 x",Irish,70,NAS,4,7378,Low,700
Blue Spot,Cask Strength Single Irish Pot Still Batch #2,Irish,70,NAS,9,7378,Low,700
Irish Spot,Blue & Red Spot Bundle Irish Whiskey (2 x,Irish,70,NAS,8,7378,Low,700
Blue Spot,Cask Strength Single Irish Pot Still Batch #1,Irish,70,NAS,7,7378,Low,700
Green Spot,Mitchell & Son Irish Whiskey (Old,Irish,70,NAS,40,7378,High,700
Jameson,Triple Triple Irish,Irish,70,NAS,40,3630,High,700
Jameson,Single Pot Still Batch #1 Irish,Irish,70,NAS,46,5674,Medium,700
Jameson,Triple Distilled Irish,Irish,70,NAS,46,21578,Medium,700
Jameson,Crested - Triple Distilled Irish,Irish,70,NAS,40,3970,High,700
Jameson,Triple Distilled Irish,Irish,70,NAS,40,3175,High,700
Jameson,Black Barrel Irish,Barrel,70,NAS,40,4311,High,700
Jameson,Caskmates - IPA Edition,Barrel,70,NAS,40,3289,High,700
Jameson,Caskmates - Stout Edition,Barrel,70,NAS,40,3289,High,700
Jameson,Black Barrel Glass Pack Irish,Barrel,70,NAS,40,5106,High,700
Jameson,Glass & Black Barrel Irish,Barrel,70,NAS,40,4311,High,700
Jameson,Classic Football Shirts - Portsmouth FC ‘98 Irish,Irish,70,NAS,40,4538,High,700
Jameson,Classic Football Shirts - Charlton Athletic ‘98 Irish,Irish,70,NAS,40,4538,High,700
Jameson,Classic Football Shirts - Tranmere Rovers ‘91 Irish,Irish,70,NAS,40,4538,High,700
Jameson,Classic Football Shirts - Leicester City ’84 Irish,Irish,70,NAS,40,5674,High,700
Jameson,Orange Irish Miniature,Irish,5,NAS,30,449,Low,50
Jameson,Orange Irish,Irish,70,NAS,30,7378,Low,700
Jameson,Triple Distilled Glass Pack,Irish,70,NAS,40,7378,High,700
Jameson,Classic Football Shirts - Sunderland AFC ‘92 Irish,Irish,70,NAS,40,7378,High,700
Jameson,Dickies Limited Edition Irish,Irish,70,NAS,40,7378,High,700
Jameson,Triple Distilled Irish Miniature,Irish,5,NAS,40,7378,High,50
Writers Tears,Single Pot Still Irish,Irish,70,NAS,46,6242,Medium,700
Writers Tears,Double Oak Irish,Irish,70,NAS,46,6129,Medium,700
Writers Tears,Copper Pot Irish,Irish,70,NAS,40,5106,High,700
Writers Tears,Cask Strength 2023 Limited Edition Irish,Irish,70,NAS,8,13626,Low,700
Writers Tears,Cask Strength 2021 Limited Edition Irish,Irish,70,NAS,2,12604,Low,700
Writers Tears,Miniature Book Gift Pack Whiskey (3 x,Irish,5,NAS,46,2153,Medium,50
Writers Tears,Ulysses Limited Edition Irish,Irish,70,NAS,40,7378,High,700
Writers Tears,Cask Strength 2020 Edition Irish,Irish,70,NAS,5,7378,Low,700
Writers Tears,Red Head Irish,Irish,70,NAS,46,7378,Medium,700
Writers Tears,Copper Pot Flask Gift Pack,Irish,70,NAS,40,7378,High,700
Hakushu,Japanese Single Malt,Japanese,70,NAS,43,499834,Medium,700
Kamiki,Original Japanese Blended Malt,Japanese,50,NAS,48,6697,High,500
Kamiki,Sakura Japanese Blended Malt,Japanese,50,NAS,48,6981,High,500
Kamiki,Intense Japanese Blended Malt,Japanese,50,NAS,48,6810,High,500
Kurayoshi,Single Malt Japanese,Japanese,70,NAS,43,11354,Medium,700
Kanosuke,Single Malt Japanese,Japanese,70,NAS,48,10218,High,700
Chichibu,Ichiro's Malt & Grain Blended World,Japanese,70,NAS,5,7833,Low,700
Nikka Yoichi,Single Malt Japanese,Japanese,70,NAS,45,17602,Medium,700
Fuji,Single Blended Japanese,Japanese,70,NAS,43,7606,Medium,700
Togouchi,Sake Cask Finish Japanese Blended,Japanese,70,NAS,40,7719,High,700
Togouchi,Beer Cask Finish Japanese Blended,Japanese,70,NAS,40,6583,High,700
Togouchi,Japanese Blended,Japanese,70,NAS,8,13570,Low,700
Togouchi,Japanese Blended,Japanese,70,NAS,40,7378,High,700
Togouchi,Premium Japanese Blended,Japanese,70,NAS,40,5902,High,700
Fuji,Single Grain Japanese,Japanese,70,NAS,46,7946,Medium,700
Fuji,Single Malt Japanese,Japanese,70,NAS,46,9082,Medium,700
Yamazaki,Suntory 100th Anniversary Edition,Suntory,70,NAS,43,19863,Medium,700
Shinju,Japanese,Japanese,70,NAS,40,7242,High,700
Hibiki,Harmony Master's Select,Harmony,70,NAS,43,15898,Medium,700
Kaikyo,Hatozaki Umeshu Cask Finish Japanese,Japanese,70,NAS,40,9082,High,700
Rampur,Sangam Indian,Indian,70,NAS,43,5674,Medium,700
Indri,Dru - Cask Strength Indian Single Malt,Indian,70,NAS,2,9082,Low,700
Indri,Trini - Three Wood Indian Single Malt,Indian,70,NAS,46,4993,Medium,700
Amrut,Neidhal Peated Indian Single Malt,Indian,70,NAS,46,11014,Medium,700
Paul John,Oloroso Select Cask Indian,Indian,70,NAS,48,8912,High,700
Paul John,Pedro Ximenez Select Cask Indian,Indian,70,NAS,48,9082,High,700
Paul John,Edited Indian Single Malt,Indian,70,NAS,46,5220,Medium,700
Paul John,Bold Peated Indian Single Malt,Indian,70,NAS,46,5106,Medium,700
Paul John,Classic Select Cask,Indian,70,NAS,2,7378,Low,700
Paul John,Peated Select Cask Single Malt,Indian,70,NAS,5,8628,Low,700
Paul John,Brilliance Indian Single Malt,Indian,70,NAS,46,4766,Medium,700
Amrut,Peated Cask Strength,Indian,70,NAS,8,9082,Low,700
Amrut,Peated Indian Single Malt,Indian,70,NAS,46,6697,Medium,700
Amrut,Fusion Indian Single Malt,Indian,70,NAS,50,6583,High,700
Amrut,Indian Single Malt,Indian,70,NAS,46,5106,Medium,700
Amrut,Indian Single Malt Cask Strength,Indian,70,NAS,8,8401,Low,700
Rampur,Double Cask Indian Single Malt Miniatures Whisky (15 x,Indian,5,NAS,45,7378,Medium,50
Rampur,Asava - Indian Single Malt Miniatures Whisky (15 x,Indian,5,NAS,45,7946,Medium,50
Indri,Trini - Three Wood Indian Single Malt Glass Pack,Indian,70,NAS,46,5447,Medium,700
Indri,Three Wood Indian Single Malt Miniature,Indian,5,NAS,46,562,Medium,50
The Lakes,Signature English Single Malt,English,70,NAS,47,8912,High,700
The Lakes,The One Colheita Cask Finish,English,70,NAS,6,4425,Low,700
The Lakes,The One Manzanilla Cask,English,70,NAS,6,4311,Low,700
The Lakes,The One Sherry Cask Finish,English,70,NAS,6,4311,Low,700
Cotswolds,Signature English Single Malt,English,70,NAS,46,5220,Medium,700
Fielden,English Rye,English,70,NAS,48,6810,High,700
East London Liquor Co.,Rye Chardonnay Single Cask,Rye,70,NAS,6,9650,Low,700
Cotswolds,Founders Choice English Single Malt,English,70,NAS,5,8514,Low,700
Cotswolds,Peated Cask,English,70,NAS,6,8287,Low,700
Bankhall,Distiller's Cut British Single Malt,English,70,NAS,46,4538,Medium,700
Bankhall,British Single Malt,English,70,NAS,40,3402,High,700
The English,Sherry Cask Matured,English,70,NAS,46,7378,Medium,700
White Peak,Wire Works - Virgin Oak English Single Malt,English,70,NAS,5,7378,Low,700
Bimber,Ex-Bourbon Cask Batch No. 4,Bourbon,70,NAS,2,11354,Low,700
East London Liquor Co.,English Single Malt,English,70,NAS,47,5447,High,700
Bankhall,Rye Rebellion,Rye,70,NAS,6,2834,Low,700
East London Liquor Co.,London Rye,Rye,70,NAS,47,6470,High,700
The English,Original Single Malt,Rye,70,NAS,43,5447,Medium,700
The English,Smokey Single Malt,Rye,70,NAS,43,5106,Medium,700
Spirit of Yorkshire,Filey Bay Flagship,Rye,70,NAS,46,6810,Medium,700
Red Bank,Premium Blended Canadian Whisky (Kiefer,Canadian,70,NAS,40,5436,High,700
Bearface,Elementally Aged Triple Oak Canadian,Canadian,70,NAS,5,3970,Low,700
JP Wiser's,Triple Barrel Canadian,Barrel,70,NAS,40,3118,High,700
Lot No. 40,Canadian Rye,Canadian,70,NAS,43,4538,Medium,700
JP Wiser's,Blended Canadian,Canadian,70,NAS,40,6015,High,700
Signal Hill,Canadian,Canadian,70,NAS,40,4538,High,700
Canadian Club,Blended Canadian,Canadian,70,NAS,40,2948,High,700
Caribou Crossing,Single Barrel Canadian,Barrel,70,NAS,40,14762,High,700
Macaloney’s,Origins Miniature Gift Pack Whisky (5 x,Barrel,5,NAS,46,3402,Medium,50
Rare Hare,Lucky Bastard Single Barrel,Barrel,70,NAS,5,78378,Low,700
Lot No. 40,Dark Oak - Canadian Rye,Canadian,70,NAS,48,7378,High,700
Pike Creek,Canadian,Canadian,70,NAS,42,7378,Medium,700
Macaloney’s,The Peat Project Single Cask Canadian Miniature,Canadian,5,NAS,46,7378,Medium,50
Macaloney’s,Na Braiche Miniature Canadian,Canadian,5,NAS,46,7378,Medium,50
Macaloney’s,The Peat Project Single Cask Canadian,Canadian,70,NAS,57,7378,High,700
Macaloney’s,St. Mallie Single Cask Canadian,Canadian,70,NAS,46,7378,Medium,700
Macaloney’s,Siol Dugall Canadian Single Malt,Canadian,70,NAS,45,7378,Medium,700
Macaloney’s,Kildara Canadian Single Malt,Canadian,70,NAS,46,7378,Medium,700
Macaloney’s,Cath-Nah-Aven Canadian Single Malt,Canadian,70,NAS,46,7378,Medium,700
Macaloney’s,An Loy Canadian Single Malt,Canadian,70,NAS,46,7378,Medium,700
Penderyn,Dragon Series - Celt Welsh Single Malt,Welsh,70,NAS,40,3970,High,700
Penderyn,Dragon Series - Myth Welsh Single Malt,Welsh,70,NAS,40,3743,High,700
Da Mhile,Organic Sherry Cask Matured Welsh,Welsh,70,NAS,46,10553,Medium,700
Aber Falls,Single Malt Welsh,Welsh,70,NAS,40,2834,High,700
Penderyn,Icons Of Wales #10 - Yma O Hyd,Welsh,70,NAS,43,4482,Medium,700
Penderyn,Rich Oak Finish,Welsh,70,NAS,46,5106,Medium,700
Penderyn,Portwood Finish,Welsh,70,NAS,46,6242,Medium,700
Penderyn,Sherrywood Cask Finish,Welsh,70,NAS,46,4993,Medium,700
Penderyn,Madeira Cask Finish,Welsh,70,NAS,46,4311,Medium,700
Aber Falls,Vin Santo Cask Finish Welsh Single Malt,Welsh,70,NAS,46,7946,Medium,700
Aber Falls,Sauternes Cask Finish Welsh Single Malt,Welsh,70,NAS,47,6697,High,700
Aber Falls,Calvados Cask Finish Welsh Single Malt,Welsh,70,NAS,46,6810,Medium,700
Penderyn,Ex-Rye Small Batch Single Malt Welsh,Rye,70,NAS,50,8287,High,700
Penderyn,Triple Wine Small Batch Single Malt Welsh,Welsh,70,NAS,50,8287,High,700
Penderyn,Red Wine & Cognac Small Batch Single Malt Welsh,Welsh,70,NAS,50,8287,High,700
Penderyn,Portwood Finish Whisky (Old,Welsh,70,NAS,46,5674,Medium,700
Penderyn,HTFW Exclusive - Brandy Single Cask #B3,Welsh,70,NAS,9,11354,Low,700
Penderyn,HTFW Exclusive - Ruby Port Single Cask #PT412,Welsh,70,NAS,0,17034,Low,700
Penderyn,HTFW Exclusive - Madeira Single Cask #116-4,Welsh,70,NAS,0,17034,Low,700
Da Mhile,Organic Welsh Single Grain,Welsh,70,NAS,46,9082,Medium,700
Mackmyra,Svensk Ek Swedish Single Malt,Swedish,70,NAS,1,6810,Low,700
Mackmyra,Svensk EK Swedish Single Malt Miniature,Swedish,5,NAS,1,562,Low,50
High Coast,Berry Bros & Rudd - Peated Single Cask #4333,Swedish,70,NAS,8,13626,Low,700
Mackmyra,Bjorksav Miniature,Swedish,5,NAS,1,1130,Low,50
Mackmyra,Stjarnrok Miniature,Swedish,5,NAS,1,1471,Low,50
Mackmyra,Destination Swedish Single Malt,Swedish,70,NAS,7,7378,Low,700
Mackmyra,Moment Series - Virvelvind,Swedish,70,NAS,8,11922,Low,700
Mackmyra,Limousin Swedish Single Malt,Swedish,70,NAS,1,6810,Low,700
Smogen,That Boutique-y Whisky Company - Batch #2 Swedish,Swedish,50,NAS,3,15103,Low,500
Mackmyra,Moment Series - Brukswhisky DLX II,Swedish,70,NAS,44,13399,Medium,700
Mackmyra,Brukswhisky Single Malt,Swedish,70,NAS,4,6242,Low,700
Mackmyra,Intelligens AI:02 Swedish,Swedish,70,NAS,1,7378,Low,700
Mackmyra,Stjarnrok Swedish Single Malt,Swedish,70,NAS,1,7378,Low,700
High Coast,Berry Bros & Rudd Nordic Casks - Swedish Single Cask #1384,Swedish,70,NAS,9,19874,Low,700
Mackmyra,Bjorksav Swedish Single Malt,Swedish,70,NAS,1,7151,Low,700
Mackmyra,Frihet / Freedom Collection Set Whisky (6 x 1,Swedish,100,NAS,1,113594,Low,1000
Mackmyra,Miniature Gift Pack Whisky (4 x,Swedish,5,NAS,4,4538,Low,50
Mackmyra,Svensk Rok Miniature,Swedish,5,NAS,1,1471,Low,50
Mackmyra,Svensk EK Miniature,Swedish,5,NAS,1,1698,Low,50
Mackmyra,Brukswhisky Miniature,Swedish,5,NAS,40,903,High,50
Jack Daniel's,Old No. 7 - McLaren Formula 1 Team 2024 Edition,Formula 1,70,NAS,40,4425,High,700
Jack Daniel's,McLaren Formula 1 Team 2024 Guitar Case,Formula 1,70,NAS,40,6810,High,700
Jack Daniel's,Old No. 7 - McLaren Formula 1 Team 2023 Edition,Formula 1,70,NAS,40,6810,High,700
Jack Daniel's,McLaren Formula 1 Team 2023 Guitar Case,Formula 1,70,NAS,40,9082,High,700
Jack Daniel's,Old No. 7 - McLaren Formula 1 Team 2025 Edition,Formula 1,70,NAS,43,3402,Medium,700
Jack Daniel's,Tennessee Honey Whiskey,Tennessee,70,NAS,35,3175,Low,700
Jack Daniel's,Tennessee Fire Whiskey,Tennessee,70,NAS,35,3175,Low,700
Jack Daniel's,No. 27 Gold Maple Wood Finish,Tennessee,70,NAS,40,10446,High,700
Jack Daniel's,Frank Sinatra Select Whiskey (1,Tennessee,100,NAS,45,17602,Medium,1000
Jack Daniel's,Gentleman Jack Tennessee,Tennessee,70,NAS,40,3970,High,700
Jack Daniel's,McLaren Formula 1 Team 2025 Guitar Case,Formula 1,70,NAS,43,6810,Medium,700
Yamazaki,Distiller's Reserve Japanese,Japanese,70,NAS,43,9650,Medium,700
Yamazaki,Japanese Single Malt,Japanese,70,NAS,43,15785,Medium,700
Yamazaki,Japanese Single Malt,Japanese,70,NAS,43,79514,Medium,700
Yamazaki,Tsukuriwake Cask Collection 2024 - Islay Peated,Japanese,70,NAS,48,51114,High,700
Yamazaki,Tsukuriwake Cask Collection 2024 - Mizunara,Japanese,70,NAS,48,181754,High,700
Yamazaki,Tsukuriwake Cask Collection 2024 - Golden Promise,Japanese,70,NAS,48,51114,High,700
Yamazaki,Mizunara - Suntory 100th Anniversary Edition,Suntory,70,NAS,48,227194,High,700
Yamazaki,Tsukuriwake Selection 2022 Edition Japanese Whisky (4 x,Japanese,70,NAS,48,567994,High,700
Yamazaki,Japanese Single Malt,Japanese,70,NAS,43,795194,Medium,700
Yamazaki,Mizunara Oak Cask 2017 Edition,Japanese,70,NAS,48,1022394,High,700
Yamazaki,Bourbon Barrel 2013,Bourbon,70,NAS,48,397594,High,700
Yamazaki,Sherry Cask 2013,Bourbon,70,NAS,48,624800,High,700
Yamazaki,Puncheon Cask 2013,Bourbon,70,NAS,48,227194,High,700
Yamazaki,Suntory Japanese Single Malt Miniature,Suntory,5,NAS,43,6810,Medium,50
Yamazaki,2023 Limited Edition Japanese,Japanese,70,NAS,43,56794,Medium,700
Yamazaki,Smoky Batch - The First,Japanese,70,NAS,43,59066,Medium,700
Yamazaki,Single Malt (White Box),Japanese,70,NAS,40,51114,High,700
Yamazaki,The Essence Of Suntory - Peated Malt,Suntory,50,NAS,49,136314,High,500
Yamazaki,The Essence Of Suntory - Spanish Oak,Suntory,50,NAS,56,136314,High,500
Hibiki,Japanese Blended,Japanese,70,NAS,43,90874,Medium,700
Hibiki,Harmony Blossom 2022 Limited Edition,Harmony,70,NAS,43,28394,Medium,700
Hibiki,Harmony Master's Select - 100th Anniversary,Harmony,70,NAS,43,19306,Medium,700
Hibiki,Suntory 100th Anniversary Edition,Suntory,70,NAS,43,681594,Medium,700
Hibiki,Harmony - Suntory 100th Anniversary Edition,Harmony,70,NAS,43,39186,Medium,700
Hibiki,Harmony Limited Edition 2021,Harmony,70,NAS,43,68154,Medium,700
Hibiki,Harmony 30th Anniversary Special Edition,Harmony,70,NAS,43,340794,Medium,700
Hibiki,Japanese Blended,Japanese,70,NAS,43,85194,Medium,700
Hibiki,Japanese Blended,Japanese,70,NAS,43,113594,Medium,700
Hibiki,Japanese Blended,Japanese,70,NAS,43,7378,Medium,700
Hibiki,Harmony Japanese Suntory,Harmony,70,NAS,43,7378,Medium,700
Hibiki,Kacho Fugetsu Limited Edition,Harmony,70,NAS,43,7378,Medium,700
Hibiki,Neck Tag & Japanese Harmony Whisky (Old,Japanese,70,NAS,43,7378,Medium,700
Hibiki,Blender's Choice,Japanese,70,NAS,43,7378,Medium,700
Hibiki,Harmony Master's Select Limited Edition,Harmony,70,NAS,43,7378,Medium,700
Hibiki,Japanese Blended,Japanese,50,NAS,43,7378,Medium,500
Hibiki,Millennium Finest Old Mild & Smooth,Japanese,70,NAS,40,7378,High,700
Hibiki,Blended Miniature,Japanese,5,NAS,43,7378,Medium,50
Woodford Reserve,Baccarat Edition Bourbon,Bourbon,70,NAS,2,153241,Low,700
Woodford Reserve,Kentucky Straight Wheat,Kentucky,70,NAS,2,3970,Low,700
Woodford Reserve,Distiller's Select Malt,Kentucky,70,NAS,2,4879,Low,700
Woodford Reserve,Distiller's Select Bourbon,Bourbon,70,NAS,2,4311,Low,700
Woodford Reserve,Double Oaked Kentucky Straight Bourbon,Kentucky,70,NAS,2,6810,Low,700
Woodford Reserve,Distiller's Select Straight Rye,Rye,70,NAS,2,4311,Low,700
Woodford Reserve,Master's Collection - Historic Barrel Entry Bourbon,Barrel,70,NAS,2,15898,Low,700
Woodford Reserve,Batch Proof 124.7 Bourbon,Bourbon,70,NAS,35,15898,Low,700
Woodford Reserve,Masters Collection - Maple Wood Finish Bourbon,Bourbon,70,NAS,2,34074,Low,700
Woodford Reserve,Kentucky Derby 142 Whiskey (1,Kentucky,100,NAS,2,11354,Low,1000
Woodford Reserve,Masters Collection - 123.6 Batch Proof Bourbon,Bourbon,70,NAS,8,14194,Low,700
Woodford Reserve,Distiller's Select Bourbon Miniatures Whiskey (12 x,Bourbon,5,NAS,2,5106,Low,50
Woodford Reserve,Glass & Five-Malt Stouted Mash,Bourbon,70,NAS,40,14762,High,700
Woodford Reserve,Master's Collection - Five-Malt Stouted Mash,Bourbon,70,NAS,2,13513,Low,700
Woodford Reserve,Glass & Distiller's Select Malt,Bourbon,70,NAS,2,4766,Low,700
Woodford Reserve,Glass & Distiller's Select Straight Rye,Rye,70,NAS,2,4766,Low,700
Woodford Reserve,Glass & Double Oaked Kentucky Straight Bourbon,Kentucky,70,NAS,2,6810,Low,700
Woodford Reserve,Glass & Distiller's Select Bourbon,Bourbon,70,NAS,2,4538,Low,700
Woodford Reserve,Glass & Kentucky Straight Wheat,Kentucky,70,NAS,2,4993,Low,700
Banks,7 Golden Age,Barrel,70,NAS,43,6242,Medium,700
Banks,5 Island,Barrel,70,NAS,43,5447,Medium,700
Egan's,Endeavour Irish,Irish,70,NAS,46,5334,Medium,700
Cooley,Rare Find by Gleann Mor - Single Cask Rum Cask Finish Irish,Irish,70,NAS,8,17034,Low,700
Bushmills,The Causeway Collection - Rum Cask Whiskey (UK,Very Rare,70,NAS,2,39641,Low,700
Connemara,Peated Irish Single Malt,Irish,70,NAS,40,7378,High,700
Flaming Pig,Black Cask Irish,Irish,70,NAS,40,4198,High,700
Rammstein,Irish,Irish,70,NAS,43,8174,Medium,700
Egan's,Conviction Irish,Irish,70,NAS,46,7946,Medium,700
The Irishman,Single Malt Irish,Irish,70,NAS,54,20102,High,700
Berry Bros & Rudd,Classic Irish Reserve Single Malt,Irish,70,NAS,2,5106,Low,700
Powers,Gold Label Distillers Cut,Irish,70,NAS,2,3630,Low,700
Kyro,Malt Rye,Rye,70,NAS,2,6242,Low,700
Kyro,Wood Smoke Rye Malt,Rye,70,NAS,2,7378,Low,700
Kyro,Peat Smoke Malt Rye,Rye,70,NAS,2,7378,Low,700
Starward,Fortis Australian Single Malt,Australian,70,NAS,50,6583,High,700
Starward,Left-Field Australian Single Malt,Australian,70,NAS,40,4311,High,700
Starward,Nova Australian Single Malt,Australian,70,NAS,41,5106,Medium,700
Starward,Solera Australian Single Malt,Australian,70,NAS,43,6810,Medium,700
Starward,Vitalis 15th Anniversary Edition Australian Single Malt,Australian,70,NAS,52,14649,High,700
Starward,Octave Barrels Australian Single Malt,Australian,70,NAS,48,9628,High,700
Starward,Unexpeated Australian Single Malt,Australian,70,NAS,48,9185,High,700
Starward,Trio Gift Pack Whisky (3 x,Australian,20,NAS,7,5674,Low,200
Starward,Ginger Beer Cask #6,Australian,50,NAS,48,9082,High,500
Starward,That Boutique-Y Whisky Company Batch #1,Australian,50,NAS,56,11354,High,500
Starward,Project Release - Dolce,Australian,50,NAS,48,11354,High,500
Starward,Tawny Port Cask,Australian,50,NAS,48,9650,High,500
Starward,Two Fold Double Grain Australian Single Malt,Australian,70,NAS,40,5674,High,700
Starward,(New) Old Fashioned Whisky Cocktail Whisky,Australian,50,NAS,32,7378,Low,500
Shizuoka,1st Edition - Pot Still K 100% Imported Barley,Barrel,70,NAS,5,22714,Low,700
Shizuoka,1st Edition - United S Single Malt Japanese,Japanese,70,NAS,5,13058,Low,700
Shizuoka,1st Edition - Pot Still W 100% Imported Barley,Japanese,70,NAS,5,17034,Low,700
Shizuoka,1st Edition - Pot Still K 100% Japanese Barley,Japanese,70,NAS,5,26122,Low,700
Shizuoka,Automotive Icons Series Vol. 1 Toyota 2000GT,Japanese,70,NAS,4,51114,Low,700
Waterford,Biodynamic Cuvee Luna 2024 Single Malt Irish,Irish,70,NAS,50,9991,High,700
Waterford,Heritage Goldthorpe Single Malt Irish,Irish,70,NAS,50,10559,High,700
Waterford,Cuvee Koffi Single Malt Irish,Irish,70,NAS,50,8514,High,700
Waterford,The Cuvee Argot Single Malt Irish,Irish,70,NAS,47,6242,High,700
Waterford,Arcadian Series Gaia Organic 2.1 Irish,Irish,70,NAS,50,8174,High,700
Waterford,Single Farm Origin Series Grattansbrook 1.1,Irish,70,NAS,50,7946,High,700
Waterford,Single Farm Origin Series Lakefield 1.1,Irish,70,NAS,50,10218,High,700
Waterford,Single Farm Origin Series Hook Head 1.1,Irish,70,NAS,50,7946,High,700
Waterford,Arcadian Series Organic Gaia 1.1 - Irish Single Malt,Irish,70,NAS,50,9082,High,700
Waterford,Single Farm Origin Series Ballymorgan 1.1 Irish,Irish,70,NAS,50,10218,High,700
Waterford,Single Farm Origin Series Sheestown 1.1 Irish,Irish,70,NAS,50,10218,High,700
Waterford,Single Farm Origin Series Bannow Island 1.1 Irish,Irish,70,NAS,50,10218,High,700
Waterford,Single Farm Origin Series Ballykilcavan 1.1 Irish,Irish,70,NAS,50,10218,High,700
Waterford,Arcadian Farm Origin Series Lacken 1.1 Peated,Irish,70,NAS,50,7378,High,700
Waterford,Heritage Hunter 1.1 Irish,Irish,70,NAS,50,7378,High,700
Waterford,Single Farm Origin Series Ballybannon 1.1 Peated,Irish,70,NAS,50,7378,High,700
Waterford,Luna Biodynamic Single Malt,Irish,70,NAS,50,7378,High,700
Waterford,The Cuvee Single Malt Irish,Irish,70,NAS,50,7378,High,700
Waterford,Micro Cuvee - Lomhar Single Malt Irish,Irish,70,NAS,50,7378,High,700
Waterford,Single Farm Origin Series Ballymorgan 1.2,Irish,70,NAS,50,7378,High,700
Teeling,Single Irish Pot Still,Irish,70,NAS,46,5106,Medium,700
Teeling,Irish Single Malt,Irish,70,NAS,46,5561,Medium,700
Teeling,Single Grain Irish,Irish,70,NAS,46,4993,Medium,700
Teeling,Rising Reserve No. 3 Single Malt Irish,Irish,70,NAS,46,22146,Medium,700
Teeling,Wonders Of Wood Vol 3 - Virgin Swedish Oak,Swedish,70,NAS,50,10786,High,700
Teeling,Small Batch Cask Glass Pack,Swedish,70,NAS,46,5674,Medium,700
Teeling,Dark Porter - Small Batch Collaboration - 2022 Release,Swedish,70,NAS,46,5674,Medium,700
Teeling,Wonders Of Wood Edition 1 Irish Pot Still,Irish,70,NAS,50,34074,High,700
Teeling,Renaissance Batch #5 Irish Single Malt,Irish,70,NAS,46,34074,Medium,700
Teeling,Single Malt,Irish,70,NAS,43,100985,Medium,700
Teeling,Amber Ale Small Batch Collaboration Dot Brew,Irish,70,NAS,46,6810,Medium,700
Teeling,Black Pitts - Peated Single Malt Irish,Irish,70,NAS,46,6356,Medium,700
Teeling,Renaissance Batch #2 Irish Single Malt,Irish,70,NAS,46,34074,Medium,700
Teeling,Ginger Beer - Small Batch Collaboration Vol 1 - 2020 Release,Irish,70,NAS,46,17034,Medium,700
Teeling,Vintage Reserve Collection Single Malt,Irish,70,NAS,46,79514,Medium,700
Teeling,Silver Reserve Irish,Irish,70,NAS,46,85194,Medium,700
Teeling,Small Batch Irish,Irish,70,NAS,46,7378,Medium,700
Teeling,Pineapple Rum Cask #2 - Small Batch Collaboration - 2022 Release,Irish,70,NAS,2,7378,Low,700
Teeling,Ginger Beer - Small Batch Collaboration - 2022 Release,Irish,70,NAS,46,7378,Medium,700
Teeling,Vintage Reserve - Single Malt Irish,Irish,70,NAS,46,7378,Medium,700
